question,answer,kategori
Kapan penerimaan murid baru dimulai?,Periode pendaftaran: tanggal 1 Juni - akhir Juni. Silakan kunjungi website SMK Texmaco Semarang untuk informasi lebih detail.,jadwal
Kapankah masa pendaftaran siswa baru dibuka?,Periode pendaftaran: tanggal 1 Juni - akhir Juni. Silakan kunjungi website SMK Texmaco Semarang untuk informasi lebih detail.,jadwal
Bisa diketahui kapan pembukaan PPDB tahun ini?,Periode pendaftaran: tanggal 1 Juni - akhir Juni. Silakan kunjungi website SMK Texmaco Semarang untuk informasi lebih detail.,jadwal
Awal pendaftaran siswa baru kapan?,Periode pendaftaran: tanggal 1 Juni - akhir Juni. Silakan kunjungi website SMK Texmaco Semarang untuk informasi lebih detail.,jadwal
Tanggal berapa PPDB 2025 dimulai?,Periode pendaftaran: tanggal 1 Juni - akhir Juni. Silakan kunjungi website SMK Texmaco Semarang untuk informasi lebih detail.,jadwal
Sampai kapan seleksi masuk penutupannya?,Periode pendaftaran: awal Juni - 30 Juni 2025. Silakan kunjungi website SMK Texmaco Semarang untuk informasi lebih detail.,jadwal
Kapan batas akhir pendaftaran PPDB?,Periode pendaftaran: awal Juni - 30 Juni 2025. Silakan kunjungi website SMK Texmaco Semarang untuk informasi lebih detail.,jadwal
Kapan penutupan penerimaan murid baru?,Periode pendaftaran: awal Juni - 30 Juni 2025. Silakan kunjungi website SMK Texmaco Semarang untuk informasi lebih detail.,jadwal
Kapan terakhir kali bisa daftar PPDB?,Periode pendaftaran: awal Juni - 30 Juni 2025. Silakan kunjungi website SMK Texmaco Semarang untuk informasi lebih detail.,jadwal
Tanggal berapa pendaftaran ditutup?,Periode pendaftaran: awal Juni - 30 Juni 2025. Silakan kunjungi website SMK Texmaco Semarang untuk informasi lebih detail.,jadwal
Apakah ada perpanjangan waktu penerimaan murid baru?,Jadwal pendaftaran PPDB tahun ajaran baru dimulai pada awal Juni dan berakhir pada akhir Juni. Informasi lengkap dapat dilihat di website resmi SMK Texmaco Semarang datang langsung ke sekolah.,jadwal
Apakah jadwal pendaftaran bisa diperpanjang?,Jadwal pendaftaran PPDB tahun ajaran baru dimulai pada awal Juni dan berakhir pada akhir Juni. Informasi lengkap dapat dilihat di website resmi SMK Texmaco Semarang datang langsung ke sekolah.,jadwal
"Kalau telat daftar, apa bisa diperpanjang waktunya?",Jadwal pendaftaran PPDB tahun ajaran baru dimulai pada awal Juni dan berakhir pada akhir Juni. Informasi lengkap dapat dilihat di website resmi SMK Texmaco Semarang datang langsung ke sekolah.,jadwal
Apakah deadline pendaftaran bisa molor?,Jadwal pendaftaran PPDB tahun ajaran baru dimulai pada awal Juni dan berakhir pada akhir Juni. Informasi lengkap dapat dilihat di website resmi SMK Texmaco Semarang datang langsung ke sekolah.,jadwal
Apakah mungkin ada tambahan waktu untuk daftar?,Jadwal pendaftaran PPDB tahun ajaran baru dimulai pada awal Juni dan berakhir pada akhir Juni. Informasi lengkap dapat dilihat di website resmi SMK Texmaco Semarang datang langsung ke sekolah.,jadwal
Kapan pendaftaran siswa baru dibuka dan ditutup?,"Untuk tahun ini, pendaftaran PPDB berlangsung dari 1 Juni 2025 sampai dengan tanggal 30 Juni. Jangan sampai terlewat!",jadwal
Awal dan akhir pendaftaran PPDB kapan?,"Untuk tahun ini, pendaftaran PPDB berlangsung dari 1 Juni 2025 sampai dengan tanggal 30 Juni. Jangan sampai terlewat!",jadwal
Bisa diinfokan rentang waktu pendaftarannya?,"Untuk tahun ini, pendaftaran PPDB berlangsung dari 1 Juni 2025 sampai dengan tanggal 30 Juni. Jangan sampai terlewat!",jadwal
Dari kapan sampai kapan buka pendaftaran?,"Untuk tahun ini, pendaftaran PPDB berlangsung dari 1 Juni 2025 sampai dengan tanggal 30 Juni. Jangan sampai terlewat!",jadwal
Kapan buka dan tutup pendaftaran PPDB?,"Untuk tahun ini, pendaftaran PPDB berlangsung dari 1 Juni 2025 sampai dengan tanggal 30 Juni. Jangan sampai terlewat!",jadwal
Berapa lama seleksi masuk berlangsung?,PPDB 2025 akan dibuka mulai 1 Juni 2025 hingga tanggal 30 Juni. Pastikan untuk mendaftar sebelum tanggal penutupan.,jadwal
Berapa durasi pendaftaran PPDB?,PPDB 2025 akan dibuka mulai 1 Juni 2025 hingga tanggal 30 Juni. Pastikan untuk mendaftar sebelum tanggal penutupan.,jadwal
Pendaftaran berjalan selama berapa lama?,PPDB 2025 akan dibuka mulai 1 Juni 2025 hingga tanggal 30 Juni. Pastikan untuk mendaftar sebelum tanggal penutupan.,jadwal
Seleksi masuk berlangsung dalam waktu berapa hari?,PPDB 2025 akan dibuka mulai 1 Juni 2025 hingga tanggal 30 Juni. Pastikan untuk mendaftar sebelum tanggal penutupan.,jadwal
Berapa minggu masa pendaftaran PPDB?,PPDB 2025 akan dibuka mulai 1 Juni 2025 hingga tanggal 30 Juni. Pastikan untuk mendaftar sebelum tanggal penutupan.,jadwal
Apa saja syarat untuk penerimaan murid baru?,"Persyaratan utama: ijazah, akta kelahiran, dan KK. Untuk jalur prestasi, dibutuhkan sertifikat prestasi minimal tingkat kabupaten. Pastikan semua dokumen sudah lengkap sebelum mendaftar.",syarat
Apa persyaratan mendaftar PPDB?,"Persyaratan utama: ijazah, akta kelahiran, dan KK. Untuk jalur prestasi, dibutuhkan sertifikat prestasi minimal tingkat kabupaten. Pastikan semua dokumen sudah lengkap sebelum mendaftar.",syarat
Syarat-syarat apa yang harus dipenuhi calon siswa?,"Persyaratan utama: ijazah, akta kelahiran, dan KK. Untuk jalur prestasi, dibutuhkan sertifikat prestasi minimal tingkat kabupaten. Pastikan semua dokumen sudah lengkap sebelum mendaftar.",syarat
Apa saja kelengkapan administrasi untuk daftar?,"Persyaratan utama: ijazah, akta kelahiran, dan KK. Untuk jalur prestasi, dibutuhkan sertifikat prestasi minimal tingkat kabupaten. Pastikan semua dokumen sudah lengkap sebelum mendaftar.",syarat
Apa requirements untuk jadi siswa baru?,"Persyaratan utama: ijazah, akta kelahiran, dan KK. Untuk jalur prestasi, dibutuhkan sertifikat prestasi minimal tingkat kabupaten. Pastikan semua dokumen sudah lengkap sebelum mendaftar.",syarat
Dokumen apa saja yang perlu disiapkan untuk penerimaan murid baru?,"Dokumen yang diperlukan: 1. Fotokopi ijazah yang dilegalisir, 2. Akta kelahiran, 3. KK, 4. Pas foto 3x4, 5. Rapor semester akhir. Untuk jalur prestasi, sertakan bukti prestasi.",syarat
Berkas apa saja yang harus disiapkan?,"Dokumen yang diperlukan: 1. Fotokopi ijazah yang dilegalisir, 2. Akta kelahiran, 3. KK, 4. Pas foto 3x4, 5. Rapor semester akhir. Untuk jalur prestasi, sertakan bukti prestasi.",syarat
Apa saja dokumen pendukung yang wajib dilampirkan?,"Dokumen yang diperlukan: 1. Fotokopi ijazah yang dilegalisir, 2. Akta kelahiran, 3. KK, 4. Pas foto 3x4, 5. Rapor semester akhir. Untuk jalur prestasi, sertakan bukti prestasi.",syarat
Kelengkapan berkas apa yang diminta?,"Dokumen yang diperlukan: 1. Fotokopi ijazah yang dilegalisir, 2. Akta kelahiran, 3. KK, 4. Pas foto 3x4, 5. Rapor semester akhir. Untuk jalur prestasi, sertakan bukti prestasi.",syarat
File apa saja yang perlu di-upload?,"Dokumen yang diperlukan: 1. Fotokopi ijazah yang dilegalisir, 2. Akta kelahiran, 3. KK, 4. Pas foto 3x4, 5. Rapor semester akhir. Untuk jalur prestasi, sertakan bukti prestasi.",syarat
Apakah ada persyaratan khusus untuk PPDB jalur prestasi?,"Persyaratan utama: ijazah, akta kelahiran, dan KK. Untuk jalur prestasi, dibutuhkan sertifikat prestasi minimal tingkat kabupaten. Pastikan semua dokumen sudah lengkap sebelum mendaftar.",syarat
Apa kekhususan syarat jalur prestasi?,"Persyaratan utama: ijazah, akta kelahiran, dan KK. Untuk jalur prestasi, dibutuhkan sertifikat prestasi minimal tingkat kabupaten. Pastikan semua dokumen sudah lengkap sebelum mendaftar.",syarat
"Untuk daftar lewat jalur prestasi, apa syarat tambahannya?","Persyaratan utama: ijazah, akta kelahiran, dan KK. Untuk jalur prestasi, dibutuhkan sertifikat prestasi minimal tingkat kabupaten. Pastikan semua dokumen sudah lengkap sebelum mendaftar.",syarat
Apa beda persyaratan jalur prestasi dengan jalur lain?,"Persyaratan utama: ijazah, akta kelahiran, dan KK. Untuk jalur prestasi, dibutuhkan sertifikat prestasi minimal tingkat kabupaten. Pastikan semua dokumen sudah lengkap sebelum mendaftar.",syarat
"Kalau mau ikut seleksi prestasi, perlu apa saja?","Persyaratan utama: ijazah, akta kelahiran, dan KK. Untuk jalur prestasi, dibutuhkan sertifikat prestasi minimal tingkat kabupaten. Pastikan semua dokumen sudah lengkap sebelum mendaftar.",syarat
Persyaratan apa yang harus dipenuhi untuk mengikuti penerimaan murid baru?,"Syarat pendaftaran umum meliputi fotokopi ijazah, akta kelahiran, Kartu Keluarga (KK), foto terbaru, dan rapor. Untuk jalur prestasi, diperlukan tambahan sertifikat prestasi yang relevan.",syarat
Apa saja kriteria yang harus dipenuhi peserta PPDB?,"Syarat pendaftaran umum meliputi fotokopi ijazah, akta kelahiran, Kartu Keluarga (KK), foto terbaru, dan rapor. Untuk jalur prestasi, diperlukan tambahan sertifikat prestasi yang relevan.",syarat
Apa saja yang menjadi requirements mengikuti PPDB?,"Syarat pendaftaran umum meliputi fotokopi ijazah, akta kelahiran, Kartu Keluarga (KK), foto terbaru, dan rapor. Untuk jalur prestasi, diperlukan tambahan sertifikat prestasi yang relevan.",syarat
Hal-hal apa saja yang menjadi syarat wajib pendaftaran?,"Syarat pendaftaran umum meliputi fotokopi ijazah, akta kelahiran, Kartu Keluarga (KK), foto terbaru, dan rapor. Untuk jalur prestasi, diperlukan tambahan sertifikat prestasi yang relevan.",syarat
Apa prasyarat untuk bisa ikut serta dalam PPDB?,"Syarat pendaftaran umum meliputi fotokopi ijazah, akta kelahiran, Kartu Keluarga (KK), foto terbaru, dan rapor. Untuk jalur prestasi, diperlukan tambahan sertifikat prestasi yang relevan.",syarat
Bagaimana jika ada dokumen yang belum lengkap saat penerimaan murid baru?,"Dokumen yang diperlukan: 1. Fotokopi ijazah yang dilegalisir, 2. Akta kelahiran, 3. KK, 4. Pas foto 3x4, 5. Rapor semester akhir. Untuk jalur prestasi, sertakan bukti prestasi.",syarat
Kalau berkas belum komplit gimana?,"Dokumen yang diperlukan: 1. Fotokopi ijazah yang dilegalisir, 2. Akta kelahiran, 3. KK, 4. Pas foto 3x4, 5. Rapor semester akhir. Untuk jalur prestasi, sertakan bukti prestasi.",syarat
Apa yang terjadi jika dokumen kurang?,"Dokumen yang diperlukan: 1. Fotokopi ijazah yang dilegalisir, 2. Akta kelahiran, 3. KK, 4. Pas foto 3x4, 5. Rapor semester akhir. Untuk jalur prestasi, sertakan bukti prestasi.",syarat
"Jika ada syarat yang belum terpenuhi, bagaimana?","Dokumen yang diperlukan: 1. Fotokopi ijazah yang dilegalisir, 2. Akta kelahiran, 3. KK, 4. Pas foto 3x4, 5. Rapor semester akhir. Untuk jalur prestasi, sertakan bukti prestasi.",syarat
Bagaimana prosedur jika dokumen pendaftaran tidak lengkap?,"Dokumen yang diperlukan: 1. Fotokopi ijazah yang dilegalisir, 2. Akta kelahiran, 3. KK, 4. Pas foto 3x4, 5. Rapor semester akhir. Untuk jalur prestasi, sertakan bukti prestasi.",syarat
Bagaimana jalur pendaftaran PPDB tahun ini?,"Alur pendaftaran pada SMK Texmaco Semarang dilakukan dengan One Day Service, yaitu cukup langsung datang ke sekolah dalam satu hari dan akan dilayani dari awal hingga selesai pada hari yang sama, kemudian tinggal menunggu pengumuman saja.",jalur
Apa saja tahapan dalam proses pendaftaran PPDB?,"Alur pendaftaran pada SMK Texmaco Semarang dilakukan dengan One Day Service, yaitu cukup langsung datang ke sekolah dalam satu hari dan akan dilayani dari awal hingga selesai pada hari yang sama, kemudian tinggal menunggu pengumuman saja.",jalur
Bagaimana prosedur atau cara daftar PPDB?,"Alur pendaftaran pada SMK Texmaco Semarang dilakukan dengan One Day Service, yaitu cukup langsung datang ke sekolah dalam satu hari dan akan dilayani dari awal hingga selesai pada hari yang sama, kemudian tinggal menunggu pengumuman saja.",jalur
Step by step pendaftaran PPDB seperti apa?,"Alur pendaftaran pada SMK Texmaco Semarang dilakukan dengan One Day Service, yaitu cukup langsung datang ke sekolah dalam satu hari dan akan dilayani dari awal hingga selesai pada hari yang sama, kemudian tinggal menunggu pengumuman saja.",jalur
Bisa dijelaskan alur lengkap pendaftarannya?,"Alur pendaftaran pada SMK Texmaco Semarang dilakukan dengan One Day Service, yaitu cukup langsung datang ke sekolah dalam satu hari dan akan dilayani dari awal hingga selesai pada hari yang sama, kemudian tinggal menunggu pengumuman saja.",jalur
Apa saja proses yang harus dilakukan untuk mendaftar PPDB?,"Alur pendaftaran pada SMK Texmaco Semarang dilakukan dengan One Day Service, yaitu cukup langsung datang ke sekolah dalam satu hari dan akan dilayani dari awal hingga selesai pada hari yang sama, kemudian tinggal menunggu pengumuman saja.",jalur
Aktivitas apa saja yang harus dilakukan saat mendaftar?,"Alur pendaftaran pada SMK Texmaco Semarang dilakukan dengan One Day Service, yaitu cukup langsung datang ke sekolah dalam satu hari dan akan dilayani dari awal hingga selesai pada hari yang sama, kemudian tinggal menunggu pengumuman saja.",jalur
Langkah-langkah praktis untuk daftar PPDB?,"Alur pendaftaran pada SMK Texmaco Semarang dilakukan dengan One Day Service, yaitu cukup langsung datang ke sekolah dalam satu hari dan akan dilayani dari awal hingga selesai pada hari yang sama, kemudian tinggal menunggu pengumuman saja.",jalur
Apa yang harus saya lakukan setelah memutuskan daftar?,"Alur pendaftaran pada SMK Texmaco Semarang dilakukan dengan One Day Service, yaitu cukup langsung datang ke sekolah dalam satu hari dan akan dilayani dari awal hingga selesai pada hari yang sama, kemudian tinggal menunggu pengumuman saja.",jalur
Bagaimana cara mengikuti proses PPDB dari awal?,"Alur pendaftaran pada SMK Texmaco Semarang dilakukan dengan One Day Service, yaitu cukup langsung datang ke sekolah dalam satu hari dan akan dilayani dari awal hingga selesai pada hari yang sama, kemudian tinggal menunggu pengumuman saja.",jalur
"Setelah mengisi formulir, apa jalur selanjutnya?","Alur pendaftaran pada SMK Texmaco Semarang dilakukan dengan One Day Service, yaitu cukup langsung datang ke sekolah dalam satu hari dan akan dilayani dari awal hingga selesai pada hari yang sama, kemudian tinggal menunggu pengumuman saja.",jalur
"Setelah selesai isi formulir, langkah berikutnya apa?","Alur pendaftaran pada SMK Texmaco Semarang dilakukan dengan One Day Service, yaitu cukup langsung datang ke sekolah dalam satu hari dan akan dilayani dari awal hingga selesai pada hari yang sama, kemudian tinggal menunggu pengumuman saja.",jalur
"Kalau sudah submit formulir, terus harus ngapain?","Alur pendaftaran pada SMK Texmaco Semarang dilakukan dengan One Day Service, yaitu cukup langsung datang ke sekolah dalam satu hari dan akan dilayani dari awal hingga selesai pada hari yang sama, kemudian tinggal menunggu pengumuman saja.",jalur
"Setelah mengisi data diri, prosedur selanjutnya bagaimana?","Alur pendaftaran pada SMK Texmaco Semarang dilakukan dengan One Day Service, yaitu cukup langsung datang ke sekolah dalam satu hari dan akan dilayani dari awal hingga selesai pada hari yang sama, kemudian tinggal menunggu pengumuman saja.",jalur
Apa yang dilakukan setelah tahap pengisian formulir selesai?,"Alur pendaftaran pada SMK Texmaco Semarang dilakukan dengan One Day Service, yaitu cukup langsung datang ke sekolah dalam satu hari dan akan dilayani dari awal hingga selesai pada hari yang sama, kemudian tinggal menunggu pengumuman saja.",jalur
Bagaimana cara mendaftar penerimaan murid baru secara online?,"Alur pendaftaran pada SMK Texmaco Semarang dilakukan dengan One Day Service, yaitu cukup langsung datang ke sekolah dalam satu hari dan akan dilayani dari awal hingga selesai pada hari yang sama, kemudian tinggal menunggu pengumuman saja.",jalur
Cara daftar PPDB online gimana?,"Alur pendaftaran pada SMK Texmaco Semarang dilakukan dengan One Day Service, yaitu cukup langsung datang ke sekolah dalam satu hari dan akan dilayani dari awal hingga selesai pada hari yang sama, kemudian tinggal menunggu pengumuman saja.",jalur
Bagaimana metode pendaftaran melalui internet?,"Alur pendaftaran pada SMK Texmaco Semarang dilakukan dengan One Day Service, yaitu cukup langsung datang ke sekolah dalam satu hari dan akan dilayani dari awal hingga selesai pada hari yang sama, kemudian tinggal menunggu pengumuman saja.",jalur
Tata cara pendaftaran online seperti apa?,"Alur pendaftaran pada SMK Texmaco Semarang dilakukan dengan One Day Service, yaitu cukup langsung datang ke sekolah dalam satu hari dan akan dilayani dari awal hingga selesai pada hari yang sama, kemudian tinggal menunggu pengumuman saja.",jalur
Bagaimana teknis pendaftaran via website?,"Alur pendaftaran pada SMK Texmaco Semarang dilakukan dengan One Day Service, yaitu cukup langsung datang ke sekolah dalam satu hari dan akan dilayani dari awal hingga selesai pada hari yang sama, kemudian tinggal menunggu pengumuman saja.",jalur
Apakah mekanisme pendaftaran berbeda untuk setiap jalur?,"Pendaftaran dilakukan secara offline dengan datang ke sekolah membawa dokumen pendaftaran, dan akan dilayani dalam waktu satu hari ",jalur
"Apakah cara daftar berbeda antar zonasi, afirmasi, dll?","Pendaftaran dilakukan secara offline dengan datang ke sekolah membawa dokumen pendaftaran, dan akan dilayani dalam waktu satu hari ",jalur
Apakah sistem pendaftaran setiap jalur sama?,"Pendaftaran dilakukan secara offline dengan datang ke sekolah membawa dokumen pendaftaran, dan akan dilayani dalam waktu satu hari ",jalur
Apakah prosedur pendaftaran jalur prestasi sama dengan zonasi?,"Pendaftaran dilakukan secara offline dengan datang ke sekolah membawa dokumen pendaftaran, dan akan dilayani dalam waktu satu hari ",jalur
Apakah tata cara pendaftaran semua jalur seragam?,"Pendaftaran dilakukan secara offline dengan datang ke sekolah membawa dokumen pendaftaran, dan akan dilayani dalam waktu satu hari ",jalur
Apakah ada program beasiswa untuk siswa baru?,Pendaftaran beasiswa dibuka bersamaan dengan PPDB pada 1 Juni 2025 dan ditutup pada akhir Juni.,beasiswa
Apakah SMK Texmaco menyediakan beasiswa?,Pendaftaran beasiswa dibuka bersamaan dengan PPDB pada 1 Juni 2025 dan ditutup pada akhir Juni.,beasiswa
Apakah tersedia fasilitas beasiswa?,Pendaftaran beasiswa dibuka bersamaan dengan PPDB pada 1 Juni 2025 dan ditutup pada akhir Juni.,beasiswa
Apakah sekolah memberikan beasiswa kepada siswa baru?,Pendaftaran beasiswa dibuka bersamaan dengan PPDB pada 1 Juni 2025 dan ditutup pada akhir Juni.,beasiswa
Apakah ada bantuan biaya pendidikan?,Pendaftaran beasiswa dibuka bersamaan dengan PPDB pada 1 Juni 2025 dan ditutup pada akhir Juni.,beasiswa
Bagaimana cara mendaftar program beasiswa saat PPDB?,"Kami memiliki Beasiswa KIP dari pemerintah, serta beasiswa dari yayasan, yaitu Beasiswa Prestasi, Beasiswa Yatim/Piatu, Beasiswa Saudara (jika ada kakak/adik yang bersekolah di sini), dan Beasiswa Orang Tua Alumni.",beasiswa
Cara mengajukan beasiswa saat mendaftar PPDB gimana?,"Kami memiliki Beasiswa KIP dari pemerintah, serta beasiswa dari yayasan, yaitu Beasiswa Prestasi, Beasiswa Yatim/Piatu, Beasiswa Saudara (jika ada kakak/adik yang bersekolah di sini), dan Beasiswa Orang Tua Alumni.",beasiswa
Prosedur pendaftaran beasiswa bersamaan dengan PPDB?,"Kami memiliki Beasiswa KIP dari pemerintah, serta beasiswa dari yayasan, yaitu Beasiswa Prestasi, Beasiswa Yatim/Piatu, Beasiswa Saudara (jika ada kakak/adik yang bersekolah di sini), dan Beasiswa Orang Tua Alumni.",beasiswa
Bagaimana mekanisme mengajukan beasiswa di waktu PPDB?,"Kami memiliki Beasiswa KIP dari pemerintah, serta beasiswa dari yayasan, yaitu Beasiswa Prestasi, Beasiswa Yatim/Piatu, Beasiswa Saudara (jika ada kakak/adik yang bersekolah di sini), dan Beasiswa Orang Tua Alumni.",beasiswa
Bagaimana jika ingin langsung daftar beasiswa saat PPDB?,"Kami memiliki Beasiswa KIP dari pemerintah, serta beasiswa dari yayasan, yaitu Beasiswa Prestasi, Beasiswa Yatim/Piatu, Beasiswa Saudara (jika ada kakak/adik yang bersekolah di sini), dan Beasiswa Orang Tua Alumni.",beasiswa
Syarat mendapatkan beasiswa apa saja?,Pendaftaran beasiswa dibuka bersamaan dengan PPDB pada tanggal 1 Juni dan ditutup pada tanggal 30 Juni.,beasiswa
Apa persyaratan untuk memperoleh beasiswa?,Pendaftaran beasiswa dibuka bersamaan dengan PPDB pada tanggal 1 Juni dan ditutup pada tanggal 30 Juni.,beasiswa
Kriteria apa yang harus dipenuhi untuk dapat beasiswa?,Pendaftaran beasiswa dibuka bersamaan dengan PPDB pada tanggal 1 Juni dan ditutup pada tanggal 30 Juni.,beasiswa
Apa saja requirements mendapatkan beasiswa?,Pendaftaran beasiswa dibuka bersamaan dengan PPDB pada tanggal 1 Juni dan ditutup pada tanggal 30 Juni.,beasiswa
Hal-hal apa yang menjadi syarat penerima beasiswa?,Pendaftaran beasiswa dibuka bersamaan dengan PPDB pada tanggal 1 Juni dan ditutup pada tanggal 30 Juni.,beasiswa
Apakah program beasiswa tersedia untuk semua jurusan?,Pendaftaran beasiswa dapat dilakukan bersamaan dengan PPDB dengan mencentang opsi beasiswa dan melampirkan dokumen pendukung.,beasiswa
Apakah beasiswa bisa untuk semua program studi?,Pendaftaran beasiswa dapat dilakukan bersamaan dengan PPDB dengan mencentang opsi beasiswa dan melampirkan dokumen pendukung.,beasiswa
Apakah semua jurusan mendapatkan kuota beasiswa?,Pendaftaran beasiswa dapat dilakukan bersamaan dengan PPDB dengan mencentang opsi beasiswa dan melampirkan dokumen pendukung.,beasiswa
Apakah beasiswa berlaku untuk seluruh jurusan?,Pendaftaran beasiswa dapat dilakukan bersamaan dengan PPDB dengan mencentang opsi beasiswa dan melampirkan dokumen pendukung.,beasiswa
Apakah ada beasiswa di setiap konsentrasi keahlian?,Pendaftaran beasiswa dapat dilakukan bersamaan dengan PPDB dengan mencentang opsi beasiswa dan melampirkan dokumen pendukung.,beasiswa
Kapan periode pendaftaran program beasiswa dibuka?,"Kami memiliki Beasiswa KIP dari pemerintah, serta beasiswa dari yayasan, yaitu Beasiswa Prestasi, Beasiswa Yatim/Piatu, Beasiswa Saudara (jika ada kakak/adik yang bersekolah di sini), dan Beasiswa Orang Tua Alumni.",beasiswa
Kapan dibuka pendaftaran beasiswanya?,"Kami memiliki Beasiswa KIP dari pemerintah, serta beasiswa dari yayasan, yaitu Beasiswa Prestasi, Beasiswa Yatim/Piatu, Beasiswa Saudara (jika ada kakak/adik yang bersekolah di sini), dan Beasiswa Orang Tua Alumni.",beasiswa
Kapan saya bisa mulai mendaftar beasiswa?,"Kami memiliki Beasiswa KIP dari pemerintah, serta beasiswa dari yayasan, yaitu Beasiswa Prestasi, Beasiswa Yatim/Piatu, Beasiswa Saudara (jika ada kakak/adik yang bersekolah di sini), dan Beasiswa Orang Tua Alumni.",beasiswa
Kapan pembukaan registrasi beasiswa?,"Kami memiliki Beasiswa KIP dari pemerintah, serta beasiswa dari yayasan, yaitu Beasiswa Prestasi, Beasiswa Yatim/Piatu, Beasiswa Saudara (jika ada kakak/adik yang bersekolah di sini), dan Beasiswa Orang Tua Alumni.",beasiswa
Kapan periode pengajuan beasiswa dimulai?,"Kami memiliki Beasiswa KIP dari pemerintah, serta beasiswa dari yayasan, yaitu Beasiswa Prestasi, Beasiswa Yatim/Piatu, Beasiswa Saudara (jika ada kakak/adik yang bersekolah di sini), dan Beasiswa Orang Tua Alumni.",beasiswa
Bagaimana cara memilih jalur pendaftaran?,"Persyaratan berbeda per jalur: Zonasi butuh bukti domisili, Afirmasi butuh surat tidak mampu, Prestasi butuh sertifikat, Perpindahan orang tua butuh surat mutasi kerja.",jalur
Bagaimana menentukan pilihan jalur pendaftaran?,"Persyaratan berbeda per jalur: Zonasi butuh bukti domisili, Afirmasi butuh surat tidak mampu, Prestasi butuh sertifikat, Perpindahan orang tua butuh surat mutasi kerja.",jalur
Cara memilih jalur yang sesuai?,"Persyaratan berbeda per jalur: Zonasi butuh bukti domisili, Afirmasi butuh surat tidak mampu, Prestasi butuh sertifikat, Perpindahan orang tua butuh surat mutasi kerja.",jalur
Bagaimana saya tahu harus pilih jalur yang mana?,"Persyaratan berbeda per jalur: Zonasi butuh bukti domisili, Afirmasi butuh surat tidak mampu, Prestasi butuh sertifikat, Perpindahan orang tua butuh surat mutasi kerja.",jalur
Bagaimana kriteria pemilihan jalur PPDB?,"Persyaratan berbeda per jalur: Zonasi butuh bukti domisili, Afirmasi butuh surat tidak mampu, Prestasi butuh sertifikat, Perpindahan orang tua butuh surat mutasi kerja.",jalur
Apa saja sistem penerimaan yang tersedia dalam PPDB?,"Kuota terbesar biasanya untuk jalur zonasi (minimal 50%), diikuti afirmasi, prestasi, dan perpindahan orang tua. Detail kuota ada di panduan PPDB.",jalur
Apa saja jenis jalur masuk yang ada?,"Kuota terbesar biasanya untuk jalur zonasi (minimal 50%), diikuti afirmasi, prestasi, dan perpindahan orang tua. Detail kuota ada di panduan PPDB.",jalur
Sistem seleksi apa saja yang digunakan?,"Kuota terbesar biasanya untuk jalur zonasi (minimal 50%), diikuti afirmasi, prestasi, dan perpindahan orang tua. Detail kuota ada di panduan PPDB.",jalur
Apa saja pilihan jalur dalam PPDB?,"Kuota terbesar biasanya untuk jalur zonasi (minimal 50%), diikuti afirmasi, prestasi, dan perpindahan orang tua. Detail kuota ada di panduan PPDB.",jalur
Apa saja skema penerimaan siswa barunya?,"Kuota terbesar biasanya untuk jalur zonasi (minimal 50%), diikuti afirmasi, prestasi, dan perpindahan orang tua. Detail kuota ada di panduan PPDB.",jalur
Bisakah seorang calon siswa mendaftar melalui lebih dari satu program?,"Kuota terbesar biasanya untuk jalur zonasi (minimal 50%), diikuti afirmasi, prestasi, dan perpindahan orang tua. Detail kuota ada di panduan PPDB.",jalur
Apakah boleh daftar lewat beberapa jalur sekaligus?,"Kuota terbesar biasanya untuk jalur zonasi (minimal 50%), diikuti afirmasi, prestasi, dan perpindahan orang tua. Detail kuota ada di panduan PPDB.",jalur
Apakah mungkin mendaftar di lebih dari satu jalur?,"Kuota terbesar biasanya untuk jalur zonasi (minimal 50%), diikuti afirmasi, prestasi, dan perpindahan orang tua. Detail kuota ada di panduan PPDB.",jalur
Bisakah memilih multiple jalur pendaftaran?,"Kuota terbesar biasanya untuk jalur zonasi (minimal 50%), diikuti afirmasi, prestasi, dan perpindahan orang tua. Detail kuota ada di panduan PPDB.",jalur
Apakah diperbolehkan mendaftar menggunakan beberapa jalur?,"Kuota terbesar biasanya untuk jalur zonasi (minimal 50%), diikuti afirmasi, prestasi, dan perpindahan orang tua. Detail kuota ada di panduan PPDB.",jalur
Apa perbedaan persyaratan untuk setiap program?,"Tersedia empat jalur: zonasi, afirmasi, prestasi, dan perpindahan orang tua. Pilih jalur yang sesuai dengan kondisi Anda.",jalur
Apa perbedaan requirements tiap jalur?,"Tersedia empat jalur: zonasi, afirmasi, prestasi, dan perpindahan orang tua. Pilih jalur yang sesuai dengan kondisi Anda.",jalur
Apa yang membedakan syarat antar jalur?,"Tersedia empat jalur: zonasi, afirmasi, prestasi, dan perpindahan orang tua. Pilih jalur yang sesuai dengan kondisi Anda.",jalur
Apa kekhususan tiap jalur pendaftaran?,"Tersedia empat jalur: zonasi, afirmasi, prestasi, dan perpindahan orang tua. Pilih jalur yang sesuai dengan kondisi Anda.",jalur
Apa saja perbedaan mendasar setiap jalur PPDB?,"Tersedia empat jalur: zonasi, afirmasi, prestasi, dan perpindahan orang tua. Pilih jalur yang sesuai dengan kondisi Anda.",jalur
Jalur mana yang memiliki kuota terbanyak?,"Tersedia empat jalur: zonasi, afirmasi, prestasi, dan perpindahan orang tua. Pilih jalur yang sesuai dengan kondisi Anda.",kuota
Jalur apa yang paling banyak daya tampungnya?,"Tersedia empat jalur: zonasi, afirmasi, prestasi, dan perpindahan orang tua. Pilih jalur yang sesuai dengan kondisi Anda.",kuota
Kuota terbesar ada di jalur mana?,"Tersedia empat jalur: zonasi, afirmasi, prestasi, dan perpindahan orang tua. Pilih jalur yang sesuai dengan kondisi Anda.",kuota
Jalur penerimaan mana yang paling banyak kuotanya?,"Tersedia empat jalur: zonasi, afirmasi, prestasi, dan perpindahan orang tua. Pilih jalur yang sesuai dengan kondisi Anda.",kuota
Jalur mana yang menerima siswa paling banyak?,"Tersedia empat jalur: zonasi, afirmasi, prestasi, dan perpindahan orang tua. Pilih jalur yang sesuai dengan kondisi Anda.",kuota
Ada konsentrasi apa saja di sekolah ini?,"Ada beberapa konsentrasi bidang, diantaranya bidang TI: jurusan RPL dan TKJ, bidang Elektro: jurusan TEI, bidang Mesin: jurusan TKR dan TP, serta bidang Garmen: jurusan TB dan TPSB.",jurusan
Apa saja pilihan jurusan di SMK Texmaco?,"Ada beberapa konsentrasi bidang, diantaranya bidang TI: jurusan RPL dan TKJ, bidang Elektro: jurusan TEI, bidang Mesin: jurusan TKR dan TP, serta bidang Garmen: jurusan TB dan TPSB.",jurusan
Program keahlian apa saja yang ditawarkan?,"Ada beberapa konsentrasi bidang, diantaranya bidang TI: jurusan RPL dan TKJ, bidang Elektro: jurusan TEI, bidang Mesin: jurusan TKR dan TP, serta bidang Garmen: jurusan TB dan TPSB.",jurusan
Apa saja bidang studi yang ada?,"Ada beberapa konsentrasi bidang, diantaranya bidang TI: jurusan RPL dan TKJ, bidang Elektro: jurusan TEI, bidang Mesin: jurusan TKR dan TP, serta bidang Garmen: jurusan TB dan TPSB.",jurusan
Apa saja opsi jurusan untuk siswa baru?,"Ada beberapa konsentrasi bidang, diantaranya bidang TI: jurusan RPL dan TKJ, bidang Elektro: jurusan TEI, bidang Mesin: jurusan TKR dan TP, serta bidang Garmen: jurusan TB dan TPSB.",jurusan
Bisa memilih berapa pilihan waktu mendaftar?,Untuk jurusan bisa memilih salah satu jurusan yang ada di SMK Texmaco Semarang.,jurusan
Berapa banyak pilihan jurusan yang boleh diambil?,Untuk jurusan bisa memilih salah satu jurusan yang ada di SMK Texmaco Semarang.,jurusan
Apakah boleh memilih lebih dari satu jurusan?,Untuk jurusan bisa memilih salah satu jurusan yang ada di SMK Texmaco Semarang.,jurusan
Berapa jumlah opsi jurusan yang disediakan?,Untuk jurusan bisa memilih salah satu jurusan yang ada di SMK Texmaco Semarang.,jurusan
Apakah ada batasan dalam memilih jurusan?,Untuk jurusan bisa memilih salah satu jurusan yang ada di SMK Texmaco Semarang.,jurusan
"Jika saya merasa salah pilih jurusan di tengah jalan, apakah saya bisa pindah?","Anda dapat memilih satu jurusan utama dan satu jurusan cadangan. Jika jurusan utama penuh, sistem akan mempertimbangkan jurusan cadangan.",jurusan
"Kalau sudah daftar tapi mau ganti jurusan,  bisa tidak?","Anda dapat memilih satu jurusan utama dan satu jurusan cadangan. Jika jurusan utama penull, sistem akan mempertimbangkan jurusan cadangan.",jurusan
Apakah mungkin mengubah pilihan jurusan setelah mendaftar?,"Anda dapat memilih satu jurusan utama dan satu jurusan cadangan. Jika jurusan utama penuh, sistem akan mempertimbangkan jurusan cadangan.",jurusan
Bisakah pindah jurusan setelah proses pendaftaran?,"Anda dapat memilih satu jurusan utama dan satu jurusan cadangan. Jika jurusan utama penuh, sistem akan mempertimbangkan jurusan cadangan.",jurusan
Bagaimana jika saya ingin mengubah minat jurusan?,"Anda dapat memilih satu jurusan utama dan satu jurusan cadangan. Jika jurusan utama penuh, sistem akan mempertimbangkan jurusan cadangan.",jurusan
Bagaimana jika konsentrasi yang saya minati sudah penuh?,"Jika jurusan pilihan penuh, Anda akan dialihkan ke jurusan cadangan atau ditawarkan pilihan jurusan lain yang masih tersedia.",jurusan
Apa yang terjadi jika jurusan yang dipilih kuotanya habis?,"Jika jurusan pilihan penuh, Anda akan dialihkan ke jurusan cadangan atau ditawarkan pilihan jurusan lain yang masih tersedia.",jurusan
"Kalau jurusan favorit saya sudah penuh, gimana?","Jika jurusan pilihan penull, Anda akan dialihkan ke jurusan cadangan atau ditawarkan pilihan jurusan lain yang masih tersedia.",jurusan
"Jika kuota jurusan terpenuhi, apa solusinya?","Jika jurusan pilihan penuh, Anda akan dialihkan ke jurusan cadangan atau ditawarkan pilihan jurusan lain yang masih tersedia.",jurusan
Bagaimana prosedur jika jurusan yang diminati tidak tersisa?,"Jika jurusan pilihan penuh, Anda akan dialihkan ke jurusan cadangan atau ditawarkan pilihan jurusan lain yang masih tersedia.",jurusan
Kapan jadwal pengumuman kelulusan seleksi PPDB?,Pengumuman akan disampaikan secara langsung dengan menghubungi nomor orang tua yang telah diberikan ke pihak sekolah.,pengumuman
Kapan pengumuman hasil seleksi PPDB?,Pengumuman akan disampaikan secara langsung dengan menghubungi nomor orang tua yang telah diberikan ke pihak sekolah.,pengumuman
Tanggal berapa pengumuman kelulusan?,Pengumuman akan disampaikan secara langsung dengan menghubungi nomor orang tua yang telah diberikan ke pihak sekolah.,pengumuman
Kapan hari-H pengumuman diterima atau tidak?,Pengumuman akan disampaikan secara langsung dengan menghubungi nomor orang tua yang telah diberikan ke pihak sekolah.,pengumuman
Kapan bisa tahu hasilnya lulus atau tidak?,Pengumuman akan disampaikan secara langsung dengan menghubungi nomor orang tua yang telah diberikan ke pihak sekolah.,pengumuman
Bagaimana cara memeriksa hasil seleksi PPDB secara online?,Pengumuman akan disampaikan secara langsung kepada pendaftar ketika persyaratan ppdb telah terpenuhi,pengumuman
Cara lihat pengumuman online gimana?,Pengumuman akan disampaikan secara langsung kepada pendaftar ketika persyaratan ppdb telah terpenuhi,pengumuman
Bagaimana metode mengecek kelulusan via internet?,Pengumuman akan disampaikan secara langsung kepada pendaftar ketika persyaratan ppdb telah terpenuhi,pengumuman
Tata cara melihat hasil seleksi di website?,Pengumuman akan disampaikan secara langsung kepada pendaftar ketika persyaratan ppdb telah terpenuhi,pengumuman
Bagaimana langkah-langkah cek pengumuman online?,Pengumuman akan disampaikan secara langsung kepada pendaftar ketika persyaratan ppdb telah terpenuhi,pengumuman
Apakah hasil seleksi seleksi akan diumumkan di sekolah atau hanya secara online?,Pengumuman hasil seleksi akan dilakukan pada tanggal 5 Juli melalui website resmi dan papan pengumuman sekolah.,pengumuman
Apakah pengumuman hanya online atau juga ada di sekolah?,Pengumuman hasil seleksi akan dilakukan pada tanggal 5 Juli melalui website resmi dan papan pengumuman sekolah.,pengumuman
Dimana saja tempat pengumuman hasil seleksi?,Pengumuman hasil seleksi akan dilakukan pada tanggal 5 Juli melalui website resmi dan papan pengumuman sekolah.,pengumuman
Apakah ada pengumuman offline di lokasi sekolah?,Pengumuman hasil seleksi akan dilakukan pada tanggal 5 Juli melalui website resmi dan papan pengumuman sekolah.,pengumuman
Apakah pengumuman dipasang di papan sekolah?,Pengumuman hasil seleksi akan dilakukan pada tanggal 5 Juli melalui website resmi dan papan pengumuman sekolah.,pengumuman
Apa yang harus dilakukan jika lupa nomor peserta untuk cek pengumuman?,Pengumuman dilakukan secara online di website dan offline di papan pengumuman sekolah. Kedua cara equally valid.,pengumuman
"Kalau lupa nomor peserta, gimana cara cek hasil?",Pengumuman dilakukan secara online di website dan offline di papan pengumuman sekolah. Kedua cara equally valid.,pengumuman
Bagaimana jika nomor pendaftaran hilang?,Pengumuman dilakukan secara online di website dan offline di papan pengumuman sekolah. Kedua cara equally valid.,pengumuman
Solusi apa jika lupa ID peserta?,Pengumuman dilakukan secara online di website dan offline di papan pengumuman sekolah. Kedua cara equally valid.,pengumuman
Apa prosedur jika tidak ingat nomor ujian?,Pengumuman dilakukan secara online di website dan offline di papan pengumuman sekolah. Kedua cara equally valid.,pengumuman
Bagaimana jika nama saya tidak tercantum dalam keputusan seleksi?,Pengumuman akan disampaikan secara langsung kepada pendaftar ketika persyaratan ppdb telah terpenuhi,pengumuman
Apa yang harus dilakukan jika tidak lulus?,Pengumuman akan disampaikan secara langsung kepada pendaftar ketika persyaratan ppdb telah terpenuhi,pengumuman
"Jika dinyatakan tidak diterima, apa langkah selanjutnya?",Pengumuman akan disampaikan secara langsung kepada pendaftar ketika persyaratan ppdb telah terpenuhi,pengumuman
"Kalau tidak ada nama di daftar lulus, bagaimana?",Pengumuman akan disampaikan secara langsung kepada pendaftar ketika persyaratan ppdb telah terpenuhi,pengumuman
Bagaimana jika statusnya tidak lulus?,Pengumuman akan disampaikan secara langsung kepada pendaftar ketika persyaratan ppdb telah terpenuhi,pengumuman
Dokumen apa saja yang wajib dibawa saat pembayaran daftar ulang?,"Bawa dokumen asli: ijazah, akta kelahiran, KK, dan foto. Juga fotokopi yang sudah dilegalisir untuk arsip sekolah.",dokumen
Berkas apa yang harus dibawa saat daftar ulang?,"Bawa dokumen asli: ijazah, akta kelahiran, KK, dan foto. Juga fotokopi yang sudah dilegalisir untuk arsip sekolah.",dokumen
Apa saja kelengkapan untuk verifikasi daftar ulang?,"Bawa dokumen asli: ijazah, akta kelahiran, KK, dan foto. Juga fotokopi yang sudah dilegalisir untuk arsip sekolah.",dokumen
Dokumen apa yang diperlukan pada tahap daftar ulang?,"Bawa dokumen asli: ijazah, akta kelahiran, KK, dan foto. Juga fotokopi yang sudah dilegalisir untuk arsip sekolah.",dokumen
File apa saja yang harus dibawa saat konfirmasi ulang?,"Bawa dokumen asli: ijazah, akta kelahiran, KK, dan foto. Juga fotokopi yang sudah dilegalisir untuk arsip sekolah.",dokumen
Apakah konfirmasi ulang bisa dilakukan secara online atau harus datang ke sekolah?,"Daftar ulang dapat dilakukan online untuk pembayaran dan upload dokumen, tetapi verifikasi dokumen asli harus dilakukan di sekolah.",prosedur
Bisakah daftar ulang secara online?,"Daftar ulang dapat dilakukan online untuk pembayaran dan upload dokumen, tetapi verifikasi dokumen asli harus dilakukan di sekolah.",prosedur
Apakah wajib datang ke sekolah untuk daftar ulang?,"Daftar ulang dapat dilakukan online untuk pembayaran dan upload dokumen, tetapi verifikasi dokumen asli harus dilakukan di sekolah.",prosedur
"Bagaimana sistem daftar ulangnya, online atau offline?","Daftar ulang dapat dilakukan online untuk pembayaran dan upload dokumen, tetapi verifikasi dokumen asli harus dilakukan di sekolah.",prosedur
Apakah verifikasi dokumen harus langsung ke sekolah?,"Daftar ulang dapat dilakukan online untuk pembayaran dan upload dokumen, tetapi verifikasi dokumen asli harus dilakukan di sekolah.",prosedur
Apa yang terjadi jika saya tidak melakukan konfirmasi ulang tepat waktu?,Keterlambatan daftar ulang dapat mengakibatkan pembatalan penerimaan. Kuota akan diberikan kepada calon siswa cadangan.,prosedur
Apa konsekuensi jika telat daftar ulang?,Keterlambatan daftar ulang dapat mengakibatkan pembatalan penerimaan. Kuota akan diberikan kepada calon siswa cadangan.,prosedur
Bagaimana jika melebihi batas waktu daftar ulang?,Keterlambatan daftar ulang dapat mengakibatkan pembatalan penerimaan. Kuota akan diberikan kepada calon siswa cadangan.,prosedur
Apa resiko jika tidak konfirmasi ulang sesuai jadwal?,Keterlambatan daftar ulang dapat mengakibatkan pembatalan penerimaan. Kuota akan diberikan kepada calon siswa cadangan.,prosedur
"Jika terlambat daftar ulang, apa dampaknya?",Keterlambatan daftar ulang dapat mengakibatkan pembatalan penerimaan. Kuota akan diberikan kepada calon siswa cadangan.,prosedur
Berapa biaya yang harus dibayar saat daftar ulang?,"Biaya daftar ulang sebesar Rp. 500.000, dengan SPI sebesar RP. 6.500.000 bisa dibayarkan selama masa sekolah",biaya
Berapa besaran biaya daftar ulang?,"Biaya daftar ulang sebesar Rp. 500.000, dengan SPI sebesar RP. 6.500.000 bisa dibayarkan selama masa sekolah",biaya
Nominal pembayaran daftar ulang berapa?,"Biaya daftar ulang sebesar Rp. 500.000, dengan SPI sebesar RP. 6.500.000 bisa dibayarkan selama masa sekolah",biaya
Apa saja rincian biaya pada tahap konfirmasi ulang?,"Biaya daftar ulang sebesar Rp. 500.000, dengan SPI sebesar RP. 6.500.000 bisa dibayarkan selama masa sekolah",biaya
Berapa total biaya yang harus disiapkan untuk daftar ulang?,"Biaya daftar ulang sebesar Rp. 500.000, dengan SPI sebesar RP. 6.500.000 bisa dibayarkan selama masa sekolah",biaya
Bisakah diwakilkan untuk konfirmasi ulang?,Keterlambatan daftar ulang dapat mengakibatkan pembatalan penerimaan. Kuota akan diberikan kepada calon siswa cadangan.,prosedur
Apakah daftar ulang boleh diwakilkan orang lain?,Keterlambatan daftar ulang dapat mengakibatkan pembatalan penerimaan. Kuota akan diberikan kepada calon siswa cadangan.,prosedur
Bisakah orang tua saja yang datang untuk daftar ulang?,Keterlambatan daftar ulang dapat mengakibatkan pembatalan penerimaan. Kuota akan diberikan kepada calon siswa cadangan.,prosedur
Apakah calon siswa harus hadir sendiri saat daftar ulang?,Keterlambatan daftar ulang dapat mengakibatkan pembatalan penerimaan. Kuota akan diberikan kepada calon siswa cadangan.,prosedur
Bagaimana jika yang datang bukan calon siswanya?,Keterlambatan daftar ulang dapat mengakibatkan pembatalan penerimaan. Kuota akan diberikan kepada calon siswa cadangan.,prosedur
Bagaimana cara mengetahui informasi alokasi yang valid di sekolah tujuan saya?,"Kuota penerimaan tahun ini adalah delapan ratus siswa siswa, terbagi untuk semua jurusan dan jalur pendaftaran.",kuota
Dimana bisa mendapatkan info kuota yang resmi?,"Kuota penerimaan tahun ini adalah delapan ratus siswa siswa, terbagi untuk semua jurusan dan jalur pendaftaran.",kuota
Sumber informasi kuota yang terpercaya darimana?,"Kuota penerimaan tahun ini adalah delapan ratus siswa siswa, terbagi untuk semua jurusan dan jalur pendaftaran.",kuota
Bagaimana cara memastikan informasi kuota valid?,"Kuota penerimaan tahun ini adalah delapan ratus siswa siswa, terbagi untuk semua jurusan dan jalur pendaftaran.",kuota
Dimana melihat data kuota yang akurat?,"Kuota penerimaan tahun ini adalah delapan ratus siswa siswa, terbagi untuk semua jurusan dan jalur pendaftaran.",kuota
Apakah alokasi untuk Jurusan TKR sudah penuh?,"Informasi kuota resmi dapat dilihat di website PPDB sekolah, https://smktexmaco-smg.sch.id/",kuota
Apakah kuota jurusan tertentu sudah habis?,"Informasi kuota resmi dapat dilihat di website PPDB sekolah, https://smktexmaco-smg.sch.id/",kuota
Bagaimana mengetahui apakah kuota suatu jurusan masih tersedia?,"Informasi kuota resmi dapat dilihat di website PPDB sekolah, https://smktexmaco-smg.sch.id/",kuota
Apakah masih ada kuota untuk jurusan favorit?,"Informasi kuota resmi dapat dilihat di website PPDB sekolah, https://smktexmaco-smg.sch.id/",kuota
Bagaimana cara mengecek ketersediaan kuota jurusan?,"Informasi kuota resmi dapat dilihat di website PPDB sekolah, https://smktexmaco-smg.sch.id/",kuota
Berapa kuota yang diterima di sekolah ini?,"Kuota murid baru untuk tahun ajaran 2025/2026 sebanyak 800 murid baru, kuota bisa di cek melalui https://smktexmaco-smg.sch.id/",kuota
Berapa jumlah siswa yang akan diterima tahun ini?,"Kuota murid baru untuk tahun ajaran 2025/2026 sebanyak 800 murid baru, kuota bisa di cek melalui https://smktexmaco-smg.sch.id/",kuota
Berapa daya tampung siswa baru SMK Texmaco?,"Kuota murid baru untuk tahun ajaran 2025/2026 sebanyak 800 murid baru, kuota bisa di cek melalui https://smktexmaco-smg.sch.id/",kuota
Total penerimaan siswa baru berapa orang?,"Kuota murid baru untuk tahun ajaran 2025/2026 sebanyak 800 murid baru, kuota bisa di cek melalui https://smktexmaco-smg.sch.id/",kuota
Berapa banyak kursi yang disediakan untuk PPDB?,"Kuota murid baru untuk tahun ajaran 2025/2026 sebanyak 800 murid baru, kuota bisa di cek melalui https://smktexmaco-smg.sch.id/",kuota
Bagaimana pembagian daya tampung untuk setiap jalur?,"Untuk kuota di SMK Texmaco Semarang memakai kuota secara umum sebanyak 800 murid baru, dengan pembagian masing-masing setiap jurusan",kuota
Bagaimana alokasi kuota untuk tiap jalur?,"Untuk kuota di SMK Texmaco Semarang memakai kuota secara umum sebanyak 800 murid baru, dengan pembagian masing-masing setiap jurusan",kuota
Berapa persen kuota untuk jalur zonasi?,"Untuk kuota di SMK Texmaco Semarang memakai kuota secara umum sebanyak 800 murid baru, dengan pembagian masing-masing setiap jurusan",kuota
Apa saja porsi kuota per jalur?,"Untuk kuota di SMK Texmaco Semarang memakai kuota secara umum sebanyak 800 murid baru, dengan pembagian masing-masing setiap jurusan",kuota
Bagaimana komposisi kuota penerimaannya?,"Untuk kuota di SMK Texmaco Semarang memakai kuota secara umum sebanyak 800 murid baru, dengan pembagian masing-masing setiap jurusan",kuota
Apakah daya tampung bisa bertambah jika peminatnya banyak?,"Biasanya tidak ada penambahan kuota dalam waktu dekat, jika kuota sudah penuh maka pendaftar akan dijadikan sebagai cadangan jika terdapat peserta yang mengundurkan diri",kuota
Apakah kuota bisa ditambah kalau banyak yang minat?,"Biasanya tidak ada penambahan kuota dalam waktu dekat, jika kuota sudah penuh maka pendaftar akan dijadikan sebagai cadangan jika terdapat peserta yang mengundurkan diri",kuota
Apakah mungkin ada penambahan kursi?,"Biasanya tidak ada penambahan kuota dalam waktu dekat, jika kuota sudah penuh maka pendaftar akan dijadikan sebagai cadangan jika terdapat peserta yang mengundurkan diri",kuota
Bisakah daya tampung diperbesar?,"Biasanya tidak ada penambahan kuota dalam waktu dekat, jika kuota sudah penuh maka pendaftar akan dijadikan sebagai cadangan jika terdapat peserta yang mengundurkan diri",kuota
Apakah kuota bersifat fleksibel?,"Biasanya tidak ada penambahan kuota dalam waktu dekat, jika kuota sudah penuh maka pendaftar akan dijadikan sebagai cadangan jika terdapat peserta yang mengundurkan diri",kuota
Dimana lokasi sekolah ini?,"Sekolah kami berlokasi di Jl. Raya Mangkang KM 16, Semarang 50155. Akses mudah dengan transportasi umum.",umum
Dimana alamat SMK Texmaco Semarang?,"Sekolah kami berlokasi di Jl. Raya Mangkang KM 16, Semarang 50155. Akses mudah dengan transportasi umum.",umum
Bisa diberikan alamat lengkap sekolahnya?,"Sekolah kami berlokasi di Jl. Raya Mangkang KM 16, Semarang 50155. Akses mudah dengan transportasi umum.",umum
Dimana letak SMK Texmaco?,"Sekolah kami berlokasi di Jl. Raya Mangkang KM 16, Semarang 50155. Akses mudah dengan transportasi umum.",umum
Dimana tepatnya lokasi sekolah?,"Sekolah kami berlokasi di Jl. Raya Mangkang KM 16, Semarang 50155. Akses mudah dengan transportasi umum.",umum
Apakah sekolah ini negeri atau swasta?,Sekolah kami adalah sekolah swasta dengan akreditasi A. Informasi lengkap bisa dilihat di profil sekolah.,umum
Status sekolah negeri atau swasta?,Sekolah kami adalah sekolah swasta dengan akreditasi A. Informasi lengkap bisa dilihat di profil sekolah.,umum
Apakah SMK Texmaco sekolah negara?,Sekolah kami adalah sekolah swasta dengan akreditasi A. Informasi lengkap bisa dilihat di profil sekolah.,umum
Sekolah negeri apa swasta?,Sekolah kami adalah sekolah swasta dengan akreditasi A. Informasi lengkap bisa dilihat di profil sekolah.,umum
Apa jenis sekolahnya?,Sekolah kami adalah sekolah swasta dengan akreditasi A. Informasi lengkap bisa dilihat di profil sekolah.,umum
Apa saja fasilitas yang tersedia di sekolah?,"Fasilitas: laboratorium lengkap, perpustakaan, lapangan olahraga, ruang kelas ber-AC, wifi, dan area hijau yang nyaman.",umum
Apa saja sarana dan prasarana yang disediakan?,"Fasilitas: laboratorium lengkap, perpustakaan, lapangan olahraga, ruang kelas ber-AC, wifi, dan area hijau yang nyaman.",umum
Fasilitas penunjang apa yang ada?,"Fasilitas: laboratorium lengkap, perpustakaan, lapangan olahraga, ruang kelas ber-AC, wifi, dan area hijau yang nyaman.",umum
Infrastruktur apa saja yang dimiliki sekolah?,"Fasilitas: laboratorium lengkap, perpustakaan, lapangan olahraga, ruang kelas ber-AC, wifi, dan area hijau yang nyaman.",umum
Apa saja yang menjadi fasilitas di sini?,"Fasilitas: laboratorium lengkap, perpustakaan, lapangan olahraga, ruang kelas ber-AC, wifi, dan area hijau yang nyaman.",umum
Bagaimana dengan biaya pendidikan di sekolah ini?,"Keunggulan: guru berkualitas, kurikulum lengkap, fasilitas modern, dan banyak prestasi di tingkat nasional maupun internasional.",umum
Berapa rata-rata biaya sekolah di sini?,"Keunggulan: guru berkualitas, kurikulum lengkap, fasilitas modern, dan banyak prestasi di tingkat nasional maupun internasional.",umum
Apa saja rincian biaya pendidikan?,"Keunggulan: guru berkualitas, kurikulum lengkap, fasilitas modern, dan banyak prestasi di tingkat nasional maupun internasional.",umum
Berapa SPP dan uang pangkalnya?,"Keunggulan: guru berkualitas, kurikulum lengkap, fasilitas modern, dan banyak prestasi di tingkat nasional maupun internasional.",umum
Bagaimana dengan biaya operasional sekolah?,"Keunggulan: guru berkualitas, kurikulum lengkap, fasilitas modern, dan banyak prestasi di tingkat nasional maupun internasional.",umum
Apa keunggulan sekolah ini dibanding sekolah lain?,"Keunggulan: guru berkualitas, kurikulum lengkap, fasilitas modern, dan banyak prestasi di tingkat nasional maupun internasional.",umum
Apa kelebihan SMK Texmaco?,"Keunggulan: guru berkualitas, kurikulum lengkap, fasilitas modern, dan banyak prestasi di tingkat nasional maupun internasional.",umum
Apa keistimewaan sekolah ini?,"Keunggulan: guru berkualitas, kurikulum lengkap, fasilitas modern, dan banyak prestasi di tingkat nasional maupun internasional.",umum
Mengapa harus memilih SMK Texmaco?,"Keunggulan: guru berkualitas, kurikulum lengkap, fasilitas modern, dan banyak prestasi di tingkat nasional maupun international.",umum
Apa nilai lebih sekolah ini?,"Keunggulan: guru berkualitas, kurikulum lengkap, fasilitas modern, dan banyak prestasi di tingkat nasional maupun internasional.",umum
Apakah ada program beasiswa di SMK ini?,"Ya, kami menyediakan beberapa jenis beasiswa untuk membantu siswa, baik dari pemerintah maupun dari yayasan sekolah kami sendiri.",beasiswa
Apakah di SMK Texmaco ada beasiswa?,"Ya, kami menyediakan beberapa jenis beasiswa untuk membantu siswa, baik dari pemerintah maupun dari yayasan sekolah kami sendiri.",beasiswa
Apakah disediakan program beasiswa?,"Ya, kami menyediakan beberapa jenis beasiswa untuk membantu siswa, baik dari pemerintah maupun dari yayasan sekolah kami sendiri.",beasiswa
Apakah sekolah punya program bantuan beasiswa?,"Ya, kami menyediakan beberapa jenis beasiswa untuk membantu siswa, baik dari pemerintah maupun dari yayasan sekolah kami sendiri.",beasiswa
Apakah ada dukungan finansial untuk siswa?,"Ya, kami menyediakan beberapa jenis beasiswa untuk membantu siswa, baik dari pemerintah maupun dari yayasan sekolah kami sendiri.",beasiswa
Apa saja jenis beasiswa yang tersedia?,"Kami memiliki Beasiswa KIP dari pemerintah, serta beasiswa dari yayasan, yaitu Beasiswa Prestasi, Beasiswa Yatim/Piatu, Beasiswa Saudara (jika ada kakak/adik yang bersekolah di sini), dan Beasiswa Orang Tua Alumni.",beasiswa
Apa saja macam-macam beasiswanya?,"Kami memiliki Beasiswa KIP dari pemerintah, serta beasiswa dari yayasan, yaitu Beasiswa Prestasi, Beasiswa Yatim/Piatu, Beasiswa Saudara (jika ada kakak/adik yang bersekolah di sini), dan Beasiswa Orang Tua Alumni.",beasiswa
Beasiswa apa saja yang ditawarkan?,"Kami memiliki Beasiswa KIP dari pemerintah, serta beasiswa dari yayasan, yaitu Beasiswa Prestasi, Beasiswa Yatim/Piatu, Beasiswa Saudara (jika ada kakak/adik yang bersekolah di sini), dan Beasiswa Orang Tua Alumni.",beasiswa
Apa pilihan beasiswa yang bisa diambil?,"Kami memiliki Beasiswa KIP dari pemerintah, serta beasiswa dari yayasan, yaitu Beasiswa Prestasi, Beasiswa Yatim/Piatu, Beasiswa Saudara (jika ada kakak/adik yang bersekolah di sini), dan Beasiswa Orang Tua Alumni.",beasiswa
Jenis-jenis beasiswa apa yang ada?,"Kami memiliki Beasiswa KIP dari pemerintah, serta beasiswa dari yayasan, yaitu Beasiswa Prestasi, Beasiswa Yatim/Piatu, Beasiswa Saudara (jika ada kakak/adik yang bersekolah di sini), dan Beasiswa Orang Tua Alumni.",beasiswa
Bagaimana cara mengajukan Beasiswa KIP?,"Untuk mengajukan Beasiswa KIP, Anda harus memiliki Kartu Indonesia Pintar. Proses pendaftarannya dilakukan melalui portal PPDB pemerintah, dan verifikasinya akan dibantu oleh pihak sekolah setelah Anda diterima.",beasiswa
Tata cara mengajukan Beasiswa KIP gimana?,"Untuk mengajukan Beasiswa KIP, Anda harus memiliki Kartu Indonesia Pintar. Proses pendaftarannya dilakukan melalui portal PPDB pemerintah, dan verifikasinya akan dibantu oleh pihak sekolah setelah Anda diterima.",beasiswa
Bagaimana prosedur pendaftaran Beasiswa KIP?,"Untuk mengajukan Beasiswa KIP, Anda harus memiliki Kartu Indonesia Pintar. Prose pendaftarannya dilakukan melalui portal PPDB pemerintah, dan verifikasinya akan dibantu oleh pihak sekolah setelah Anda diterima.",beasiswa
Langkah-langkah mendapatkan Beasiswa KIP?,"Untuk mengajukan Beasiswa KIP, Anda harus memiliki Kartu Indonesia Pintar. Proses pendaftarannya dilakukan melalui portal PPDB pemerintah, dan verifikasinya akan dibantu oleh pihak sekolah setelah Anda diterima.",beasiswa
Cara mendaftar Beasiswa Kartu Indonesia Pintar?,"Untuk mengajukan Beasiswa KIP, Anda harus memiliki Kartu Indonesia Pintar. Proses pendaftarannya dilakukan melalui portal PPDB pemerintah, dan verifikasinya akan dibantu oleh pihak sekolah setelah Anda diterima.",beasiswa
Apa persyaratan untuk mendapatkan Beasiswa Prestasi?,"Kami memiliki Beasiswa KIP dari pemerintah, serta beasiswa dari yayasan, yaitu Beasiswa Prestasi, Beasiswa Yatim/Piatu, Beasiswa Saudara (jika ada kakak/adik yang bersekolah di sini), dan Beasiswa Orang Tua Alumni.",beasiswa
Syarat Beasiswa Prestasi apa saja?,"Kami memiliki Beasiswa KIP dari pemerintah, serta beasiswa dari yayasan, yaitu Beasiswa Prestasi, Beasiswa Yatim/Piatu, Beasiswa Saudara (jika ada kakak/adik yang bersekolah di sini), dan Beasiswa Orang Tua Alumni.",beasiswa
Kriteria apa untuk bisa dapat Beasiswa Prestasi?,"Kami memiliki Beasiswa KIP dari pemerintah, serta beasiswa dari yayasan, yaitu Beasiswa Prestasi, Beasiswa Yatim/Piatu, Beasiswa Saudara (jika ada kakak/adik yang bersekolah di sini), dan Beasiswa Orang Tua Alumni.",beasiswa
Apa yang dibutuhkan untuk Beasiswa Prestasi?,"Kami memiliki Beasiswa KIP dari pemerintah, serta beasiswa dari yayasan, yaitu Beasiswa Prestasi, Beasiswa Yatim/Piatu, Beasiswa Saudara (jika ada kakak/adik yang bersekolah di sini), dan Beasiswa Orang Tua Alumni.",beasiswa
Bagaimana cara lolos seleksi Beasiswa Prestasi?,"Kami memiliki Beasiswa KIP dari pemerintah, serta beasiswa dari yayasan, yaitu Beasiswa Prestasi, Beasiswa Yatim/Piatu, Beasiswa Saudara (jika ada kakak/adik yang bersekolah di sini), dan Beasiswa Orang Tua Alumni.",beasiswa
Bagaimana persyaratan untuk Beasiswa Yatim atau Piatu?,"Untuk mengajukan Beasiswa Yatim/Piatu, Anda perlu menyertakan surat keterangan kematian orang tua atau dokumen sah lainnya, seperti Kartu Keluarga, saat proses daftar ulang.",beasiswa
Apa syarat Beasiswa Yatim Piatu?,"Untuk mengajukan Beasiswa Yatim/Piatu, Anda perlu menyertakan surat keterangan kematian orang tua atau dokumen sah lainnya, seperti Kartu Keluarga, saat proses daftar ulang.",beasiswa
Dokumen apa untuk Beasiswa Yatim?,"Untuk mengajukan Beasiswa Yatim/Piatu, Anda perlu menyertakan surat keterangan kematian orang tua atau dokumen sah lainnya, seperti Kartu Keluarga, saat proses daftar ulang.",beasiswa
Cara daftar Beasiswa Piatu bagaimana?,"Untuk mengajukan Beasiswa Yatim/Piatu, Anda perlu menyertakan surat keterangan kematian orang tua atau dokumen sah lainnya, seperti Kartu Keluarga, saat proses daftar ulang.",beasiswa
Apa requirements Beasiswa untuk anak yatim?,"Untuk mengajukan Beasiswa Yatim/Piatu, Anda perlu menyertakan surat keterangan kematian orang tua atau dokumen sah lainnya, seperti Kartu Keluarga, saat proses daftar ulang.",beasiswa
Apakah Beasiswa Saudara bisa diajukan? Bagaimana caranya?,"Ya, bisa. Jika Anda memiliki kakak atau adik yang juga bersekolah di sini, Anda bisa mengajukan Beasiswa Saudara dengan melampirkan fotokopi Kartu Keluarga yang sama.",beasiswa
Bagaimana prosedur Beasiswa Saudara?,"Ya, bisa. Jika Anda memiliki kakak atau adik yang juga bersekolah di sini, Anda bisa mengajukan Beasiswa Saudara dengan melampirkan fotokopi Kartu Keluarga yang sama.",beasiswa
Cara mendapatkan Beasiswa Saudara?,"Ya, bisa. Jika Anda memiliki kakak atau adik yang juga bersekolah di sini, Anda bisa mengajukan Beasiswa Saudara dengan melampirkan fotokopi Kartu Keluarga yang sama.",beasiswa
Apakah ada beasiswa untuk keluarga yang punya banyak anak di sekolah?,"Ya, bisa. Jika Anda memiliki kakak atau adik yang juga bersekolah di sini, Anda bisa mengajukan Beasiswa Saudara dengan melampirkan fotokopi Kartu Keluarga yang sama.",beasiswa
Bagaimana jika saudara kandung juga bersekolah di sini?,"Ya, bisa. Jika Anda memiliki kakak atau adik yang juga bersekolah di sini, Anda bisa mengajukan Beasiswa Saudara dengan melampirkan fotokopi Kartu Keluarga yang sama.",beasiswa
Bagaimana cara kerja Beasiswa Orang Tua Alumni?,"Beasiswa Orang Tua Alumni diberikan kepada calon siswa yang salah satu orang tuanya adalah alumni sekolah ini. Anda hanya perlu melampirkan bukti bahwa orang tua Anda pernah bersekolah di sini, seperti fotokopi ijazah.",beasiswa
Apa itu Beasiswa Orang Tua Alumni?,"Beasiswa Orang Tua Alumni diberikan kepada calon siswa yang salah satu orang tuanya adalah alumni sekolah ini. Anda hanya perlu melampirkan bukti bahwa orang tua Anda pernah bersekolah di sini, seperti fotokopi ijazah.",beasiswa
Bagaimana mekanisme Beasiswa Alumni?,"Beasiswa Orang Tua Alumni diberikan kepada calon siswa yang salah satu orang tuanya adalah alumni sekolah ini. Anda hanya perlu melampirkan bukti bahwa orang tua Anda pernah bersekolah di sini, seperti fotokopi ijazah.",beasiswa
Cara mengajukan Beasiswa untuk anak alumni?,"Beasiswa Orang Tua Alumni diberikan kepada calon siswa yang salah satu orang tuanya adalah alumni sekolah ini. Anda hanya perlu melampirkan bukti bahwa orang tua Anda pernah bersekolah di sini, seperti fotokopi ijazah.",beasiswa
Syarat Beasiswa Orang Tua Alumni apa?,"Beasiswa Orang Tua Alumni diberikan kepada calon siswa yang salah satu orang tuanya adalah alumni sekolah ini. Anda hanya perlu melampirkan bukti bahwa orang tua Anda pernah bersekolah di sini, seperti fotokopi ijazah.",beasiswa
Apakah seorang siswa bisa mengajukan dan menerima lebih dari satu beasiswa?,Tidak. Seorang siswa hanya bisa menerima satu beasiswa dari salah satu sumber yang ada. Ini bertujuan agar bantuan beasiswa bisa merata ke siswa yang lebih membutuhkan.,beasiswa
Bisakah dapat lebih dari satu beasiswa?,Tidak. Seorang siswa hanya bisa menerima satu beasiswa dari salah satu sumber yang ada. Ini bertujuan agar bantuan beasiswa bisa merata ke siswa yang lebih membutuhkan.,beasiswa
Apakah boleh menerima multiple beasiswa?,Tidak. Seorang siswa hanya bisa menerima satu beasiswa dari salah satu sumber yang ada. Ini bertujuan agar bantuan beasiswa bisa merata ke siswa yang lebih membutuhkan.,beasiswa
"Jika memenuhi syarat beberapa beasiswa,  apa bisa dapat semua?",Tidak. Seorang siswa hanya bisa menerima satu beasiswa dari salah satu sumber yang ada. Ini bertujuan agar bantuan beasiswa bisa merata ke siswa yang lebih membutuhkan.,beasiswa
Apakah mungkin mendapat beasiswa ganda?,Tidak. Seorang siswa hanya bisa menerima satu beasiswa dari salah satu sumber yang ada. Ini bertujuan agar bantuan beasiswa bisa merata ke siswa yang lebih membutuhkan.,beasiswa
Kapan waktu pendaftaran beasiswa akan dibuka?,Pendaftaran beasiswa umumnya dibuka setelah pengumuman PPDB dan proses daftar ulang. Informasi detail tentang jadwal akan kami publikasikan melalui website dan media sosial sekolah.,beasiswa
Kapan dibuka pendaftaran beasiswanya?,Pendaftaran beasiswa umumnya dibuka setelah pengumuman PPDB dan proses daftar ulang. Informasi detail tentang jadwal akan kami publikasikan melalui website dan media sosial sekolah.,beasiswa
Kapan mulai bisa daftar beasiswa?,Pendaftaran beasiswa umumnya dibuka setelah pengumuman PPDB dan proses daftar ulang. Informasi detail tentang jadwal akan kami publikasikan melalui website dan media sosial sekolah.,beasiswa
Tanggal berapa pembukaan pendaftaran beasiswa?,Pendaftaran beasiswa umumnya dibuka setelah pengumuman PPDB dan proses daftar ulang. Informasi detail tentang jadwal akan kami publikasikan melalui website dan media sosial sekolah.,beasiswa
Kapan periode pengajuan beasiswa dimulai?,Pendaftaran beasiswa umumnya dibuka setelah pengumuman PPDB dan proses daftar ulang. Informasi detail tentang jadwal akan kami publikasikan melalui website dan media sosial sekolah.,beasiswa
Apakah beasiswa ini mencakup seluruh biaya pendidikan?,"Cakupan beasiswa bervariasi. Beasiswa KIP memberikan bantuan uang saku dan biaya pendidikan. Sementara itu, beasiswa dari yayasan biasanya berupa keringanan biaya sekolah (SPP) atau biaya lain. Rinciannya akan kami jelaskan lebih lanjut saat pengajuan.",beasiswa
Apakah beasiswa menanggung semua biaya?,"Cakupan beasiswa bervariasi. Beasiswa KIP memberikan bantuan uang saku dan biaya pendidikan. Sementara itu, beasiswa dari yayasan biasanya berupa keringanan biaya sekolah (SPP) atau biaya lain. Rinciannya akan kami jelaskan lebih lanjut saat pengajuan.",beasiswa
Seberapa besar cakupan beasiswanya?,"Cakupan beasiswa bervariasi. Beasiswa KIP memberikan bantuan uang saku dan biaya pendidikan. Sementara itu, beasiswa dari yayasan biasanya berupa keringanan biaya sekolah (SPP) atau biaya lain. Rinciannya akan kami jelaskan lebih lanjut saat pengajuan.",beasiswa
Apa saja yang dibiayai oleh beasiswa?,"Cakupan beasiswa bervariasi. Beasiswa KIP memberikan bantuan uang saku dan biaya pendidikan. Sementara itu, beasiswa dari yayasan biasanya berupa keringanan biaya sekolah (SPP) atau biaya lain. Rinciannya akan kami jelaskan lebih lanjut saat pengajuan.",beasiswa
Apakah beasiswa full atau partial?,"Cakupan beasiswa bervariasi. Beasiswa KIP memberikan bantuan uang saku dan biaya pendidikan. Sementara itu, beasiswa dari yayasan biasanya berupa keringanan biaya sekolah (SPP) atau biaya lain. Rinciannya akan kami jelaskan lebih lanjut saat pengajuan.",beasiswa
Apakah ada tes seleksi atau ujian PPDB untuk masuk ke SMK ini?,Tidak. Kami tidak mengadakan tes seleksi atau ujian masuk PPDB. Proses seleksi kami sepenuhnya didasarkan pada kelengkapan berkas dan nilai akademik.,seleksi
Apakah ada ujian masuk?,Tidak. Kami tidak mengadakan tes seleksi atau ujian masuk PPDB. Proses seleksi kami sepenuhnya didasarkan pada kelengkapan berkas dan nilai akademik.,seleksi
Apakah harus mengikuti tes tertulis?,Tidak. Kami tidak mengadakan tes seleksi atau ujian masuk PPDB. Proses seleksi kami sepenuhnya didasarkan pada kelengkapan berkas dan nilai akademik.,seleksi
"Bagaimana sistem seleksinya, apakah ada tes?",Tidak. Kami tidak mengadakan tes seleksi atau ujian masuk PPDB. Proses seleksi kami sepenuhnya didasarkan pada kelengkapan berkas dan nilai akademik.,seleksi
Apakah seleksi masuk melalui ujian?,Tidak. Kami tidak mengadakan tes seleksi atau ujian masuk PPDB. Proses seleksi kami sepenuhnya didasarkan pada kelengkapan berkas dan nilai akademik.,seleksi
"Jika tidak ada tes,  apa kriteria utama agar anak saya bisa diterima?",Kriteria utama kami adalah kelengkapan dokumen dan nilai rapor anak Anda selama menempuh pendidikan di SMP. Kami juga memprioritaskan calon siswa yang memenuhi semua persyaratan administrasi yang telah ditetapkan.,seleksi
Apa yang menjadi penilaian utama jika tidak ada tes?,Kriteria utama kami adalah kelengkapan dokumen dan nilai rapor anak Anda selama menempuh pendidikan di SMP. Kami juga memprioritaskan calon siswa yang memenuhi semua persyaratan administrasi yang telah ditetapkan.,seleksi
Bagaimana cara penilaiannya tanpa ujian?,Kriteria utama kami adalah kelengkapan dokumen dan nilai rapor anak Anda selama menempuh pendidikan di SMP. Kami juga memprioritaskan calon siswa yang memenuhi semua persyaratan administrasi yang telah ditetapkan.,seleksi
Apa faktor penentu kelulusan?,Kriteria utama kami adalah kelengkapan dokumen dan nilai rapor anak Anda selama menempuh pendidikan di SMP. Kami juga memprioritaskan calon siswa yang memenuhi semua persyaratan administrasi yang telah ditetapkan.,seleksi
Apa tolak ukur penerimaan siswa?,Kriteria utama kami adalah kelengkapan dokumen dan nilai rapor anak Anda selama menempuh pendidikan di SMP. Kami juga memprioritaskan calon siswa yang memenuhi semua persyaratan administrasi yang telah ditetapkan.,seleksi
Bagaimana cara mengetahui apakah nilai rapor anak saya cukup untuk diterima?,"Kami tidak memiliki batas minimal nilai rapor. Namun, kami akan menyeleksi calon siswa berdasarkan peringkat nilai rapor. Semakin baik nilai rapornya, semakin besar peluangnya untuk diterima.",seleksi
Apakah ada nilai minimal rapor?,"Kami tidak memiliki batas minimal nilai rapor. Namun, kami akan menyeleksi calon siswa berdasarkan peringkat nilai rapor. Semakin baik nilai rapornya, semakin besar peluangnya untuk diterima.",seleksi
Seberapa bagus nilai rapor yang dibutuhkan?,"Kami tidak memiliki batas minimal nilai rapor. Namun, kami akan menyeleksi calon siswa berdasarkan peringkat nilai rapor. Semakin baik nilai rapornya, semakin besar peluangnya untuk diterima.",seleksi
Bagaimana standar nilai untuk bisa diterima?,"Kami tidak memiliki batas minimal nilai rapor. Namun, kami akan menyeleksi calon siswa berdasarkan peringkat nilai rapor. Semakin baik nilai rapornya, semakin besar peluangnya untuk diterima.",seleksi
Apakah nilai rapor mempengaruhi kelulusan?,"Kami tidak memiliki batas minimal nilai rapor. Namun, kami akan menyeleksi calon siswa berdasarkan peringkat nilai rapor. Semakin baik nilai rapornya, semakin besar peluangnya untuk diterima.",seleksi
"Apakah pendaftaran bersifat ""siapa cepat,  dia dapat""?","Ya, pada dasarnya seperti itu. Karena kami tidak mengadakan tes, kami akan menerima calon siswa yang telah memenuhi persyaratan hingga kuota daya tampung sekolah kami terpenuhi. Setelah kuota penuh, pendaftaran akan ditutup.",seleksi
Apakah sistemnya first come first served?,"Ya, pada dasarnya seperti itu. Karena kami tidak mengadakan tes, kami akan menerima calon siswa yang telah memenuhi persyaratan hingga kuota daya tampung sekolah kami terpenuhi. Setelah kuota penuh, pendaftaran akan ditutup.",seleksi
Apakah yang daftar duluan yang dapat?,"Ya, pada dasarnya seperti itu. Karena kami tidak mengadakan tes, kami akan menerima calon siswa yang telah memenuhi persyaratan hingga kuota daya tampung sekolah kami terpenuhi. Setelah kuota penuh, pendaftaran akan ditutup.",seleksi
Apakah prioritas untuk yang cepat daftar?,"Ya, pada dasarnya seperti itu. Karena kami tidak mengadakan tes, kami akan menerima calon siswa yang telah memenuhi persyaratan hingga kuota daya tampung sekolah kami terpenuhi. Setelah kuota penull, pendaftaran akan ditutup.",seleksi
Apakah kecepatan mendaftar mempengaruhi penerimaan?,"Ya, pada dasarnya seperti itu. Karena kami tidak mengadakan tes, kami akan menerima calon siswa yang telah memenuhi persyaratan hingga kuota daya tampung sekolah kami terpenuhi. Setelah kuota penuh, pendaftaran akan ditutup.",seleksi
Berapa daya tampung siswa baru di sekolah ini?,Daya tampung kami terbatas. Jumlah pastinya akan kami informasikan melalui website resmi sekolah atau portal pendaftaran.,kuota
Berapa jumlah siswa yang akan diterima?,Daya tampung kami terbatas. Jumlah pastinya akan kami informasikan melalui website resmi sekolah atau portal pendaftaran.,kuota
Berapa kuota penerimaan siswa baru?,Daya tampung kami terbatas. Jumlah pastinya akan kami informasikan melalui website resmi sekolah atau portal pendaftaran.,kuota
Berapa banyak kursi yang tersedia?,Daya tampung kami terbatas. Jumlah pastinya akan kami informasikan melalui website resmi sekolah atau portal pendaftaran.,kuota
Berapa orang yang akan diterima?,Daya tampung kami terbatas. Jumlah pastinya akan kami informasikan melalui website resmi sekolah atau portal pendaftaran.,kuota
Bagaimana saya bisa tahu jika kuota pendaftaran sudah hampir penuh?,Anda dapat memantau kuota yang tersedia secara real-time melalui dashboard di website pendaftaran kami. Kami akan mengumumkan jika kuota di suatu program keahlian sudah hampir penuh.,kuota
Bagaimana cara memantau ketersediaan kuota?,Anda dapat memantau kuota yang tersedia secara real-time melalui dashboard di website pendaftaran kami. Kami akan mengumumkan jika kuota di suatu program keahlian sudah hampir penuh.,kuota
Apakah ada pemberitahuan jika kuota mau habis?,Anda dapat memantau kuota yang tersedia secara real-time melalui dashboard di website pendaftaran kami. Kami akan mengumumkan jika kuota di suatu program keahlian sudah hampir penuh.,kuota
Bagaimana mengetahui kuota yang tersisa?,Anda dapat memantau kuota yang tersedia secara real-time melalui dashboard di website pendaftaran kami. Kami akan mengumumkan jika kuota di suatu program keahlian sudah hampir penuh.,kuota
Apakah ada info real-time tentang kuota?,Anda dapat memantau kuota yang tersedia secara real-time melalui dashboard di website pendaftaran kami. Kami akan mengumumkan jika kuota di suatu program keahlian sudah hampir penuh.,kuota
Apakah sertifikat prestasi atau kejuaraan bisa menjadi pertimbangan?,"Ya, meskipun bukan kriteria utama, sertifikat prestasi dapat menjadi nilai tambah. Kami sangat menyarankan untuk menyertakannya dalam berkas pendaftaran.",seleksi
Apakah piagam penghargaan berpengaruh?,"Ya, meskipun bukan kriteria utama, sertifikat prestasi dapat menjadi nilai tambah. Kami sangat menyarankan untuk menyertakannya dalam berkas pendaftaran.",seleksi
Apakah trophy kejuaraan diperhitungkan?,"Ya, meskipun bukan kriteria utama, sertifikat prestasi dapat menjadi nilai tambah. Kami sangat menyarankan untuk menyertakannya dalam berkas pendaftaran.",seleksi
Bagaimana dengan prestasi non-akademik?,"Ya, meskipun bukan kriteria utama, sertifikat prestasi dapat menjadi nilai tambah. Kami sangat menyarankan untuk menyertakannya dalam berkas pendaftaran.",seleksi
Apakah sertifikat diluar akademik membantu?,"Ya, meskipun bukan kriteria utama, sertifikat prestasi dapat menjadi nilai tambah. Kami sangat menyarankan untuk menyertakannya dalam berkas pendaftaran.",seleksi
Jika anak saya memenuhi semua syarat,"Ya, selama anak Anda memenuhi semua syarat administrasi dan mendaftar sebelum kuota di program keahlian yang dipilih terpenuhi, maka ia akan langsung diterima.",seleksi
Apakah jaminan diterima jika semua syarat ok?,"Ya, selama anak Anda memenuhi semua syarat administrasi dan mendaftar sebelum kuota di program keahlian yang dipilih terpenuhi, maka ia akan langsung diterima.",seleksi
Apakah pasti lolos jika berkas lengkap?,"Ya, selama anak Anda memenuhi semua syarat administrasi dan mendaftar sebelum kuota di program keahlian yang dipilih terpenuhi, maka ia akan langsung diterima.",seleksi
Apakah kelulusan dijamin jika memenuhi kriteria?,"Ya, selama anak Anda memenuhi semua syarat administrasi dan mendaftar sebelum kuota di program keahlian yang dipilih terpenuhi, maka ia akan langsung diterima.",seleksi
Apakah langsung diterima jika persyaratan terpenuhi?,"Ya, selama anak Anda memenuhi semua syarat administrasi dan mendaftar sebelum kuota di program keahlian yang dipilih terpenuhi, maka ia akan langsung diterima.",seleksi
Apa yang terjadi jika jumlah pendaftar melebihi daya tampung sekolah?,"Jika pendaftar melebihi kuota, kami akan melakukan pemeringkatan berdasarkan nilai rata-rata rapor calon siswa. Pendaftar dengan nilai tertinggi akan kami prioritaskan hingga kuota terpenuhi.",seleksi
Bagaimana jika peminat melebihi kuota?,"Jika pendaftar melebihi kuota, kami akan melakukan pemeringkatan berdasarkan nilai rata-rata rapor calon siswa. Pendaftar dengan nilai tertinggi akan kami prioritaskan hingga kuota terpenuhi.",seleksi
Apa yang dilakukan jika pendaftar terlalu banyak?,"Jika pendaftar melebihi kuota, kami akan melakukan pemeringkatan berdasarkan nilai rata-rata rapor calon siswa. Pendaftar dengan nilai tertinggi akan kami prioritaskan hingga kuota terpenuhi.",seleksi
Bagaimana sistem seleksi saat banyak peminat?,"Jika pendaftar melebihi kuota, kami akan melakukan pemeringkatan berdasarkan nilai rata-rata rapor calon siswa. Pendaftar dengan nilai tertinggi akan kami prioritaskan hingga kuota terpenuhi.",seleksi
Apakah ada sistem ranking jika kelebihan pendaftar?,"Jika pendaftar melebihi kuota, kami akan melakukan pemeringkatan berdasarkan nilai rata-rata rapor calon siswa. Pendaftar dengan nilai tertinggi akan kami prioritaskan hingga kuota terpenuhi.",seleksi
Kapan pengumuman penerimaan akan disampaikan?,Pengumuman akan disampaikan setelah periode pendaftaran selesai. Anda bisa melihat hasilnya di website resmi kami. Mohon pantau terus informasi tersebut.,pengumuman
Kapan hasil seleksi diumumkan?,Pengumuman akan disampaikan setelah periode pendaftaran selesai. Anda bisa melihat hasilnya di website resmi kami. Mohon pantau terus informasi tersebut.,pengumuman
Tanggal berapa pengumuman kelulusan?,Pengumuman akan disampaikan setelah periode pendaftaran selesai. Anda bisa melihat hasilnya di website resmi kami. Mohon pantau terus informasi tersebut.,pengumuman
Kapan bisa tahu lulus atau tidak?,Pengumuman akan disampaikan setelah periode pendaftaran selesai. Anda bisa melihat hasilnya di website resmi kami. Mohon pantau terus informasi tersebut.,pengumuman
Kapan hari pengumuman?,Pengumuman akan disampaikan setelah periode pendaftaran selesai. Anda bisa melihat hasilnya di website resmi kami. Mohon pantau terus informasi tersebut.,pengumuman
"Apa yang dimaksud dengan ""alur pendaftaran one day service""?","Pendaftaran one day service berarti seluruh proses, mulai dari pendaftaran, seleksi, pengumuman, hingga daftar ulang dan pengukuran seragam, diselesaikan dalam satu hari di sekolah ini secara langsung.",alur
Apa itu one day service?,"Pendaftaran one day service berarti seluruh proses, mulai dari pendaftaran, seleksi, pengumuman, hingga daftar ulang dan pengukuran seragam, diselesaikan dalam satu hari di sekolah ini secara langsung.",alur
Apa maksud dari layanan satu hari?,"Pendaftaran one day service berarti seluruh proses, mulai dari pendaftaran, seleksi, pengumuman, hingga daftar ulang dan pengukuran seragam, diselesaikan dalam satu hari di sekolah ini secara langsung.",alur
Bagaimana penjelasan one day service?,"Pendaftaran one day service berarti seluruh proses, mulai dari pendaftaran, seleksi, pengumuman, hingga daftar ulang dan pengukuran seragam, diselesaikan dalam satu hari di sekolah ini secara langsung.",alur
Apa keuntungan one day service?,"Pendaftaran one day service berarti seluruh proses, mulai dari pendaftaran, seleksi, pengumuman, hingga daftar ulang dan pengukuran seragam, diselesaikan dalam satu hari di sekolah ini secara langsung.",alur
Bagaimana alur dan tahapan yang harus kami lalui dalam satu hari tersebut?,"Alurnya dimulai dari loket pendaftaran, dilanjutkan ke loket verifikasi berkas, lalu tes seleksi (jika ada), kemudian pengumuman hasil, dan terakhir proses daftar ulang serta pengukuran seragam di loket yang berbeda. Semua ada di satu area.",alur
Apa saja step-step dalam one day service?,"Alurnya dimulai dari loket pendaftaran, dilanjutkan ke loket verifikasi berkas, lalu tes seleksi (jika ada), kemudian pengumuman hasil, dan terakhir proses daftar ulang serta pengukuran seragam di loket yang berbeda. Semall ada di satu area.",alur
Bagaimana urutan kegiatannya?,"Alurnya dimulai dari loket pendaftaran, dilanjutkan ke loket verifikasi berkas, lalu tes seleksi (jika ada), kemudian pengumuman hasil, dan terakhir proses daftar ulang serta pengukuran seragam di loket yang berbeda. Semua ada di satu area.",alur
Apa saja yang akan dilakukan di hari itu?,"Alurnya dimulai dari loket pendaftaran, dilanjutkan ke loket verifikasi berkas, lalu tes seleksi (jika ada), kemudian pengumuman hasil, dan terakhir proses daftar ulang serta pengukuran seragam di loket yang berbeda. Semua ada di satu area.",alur
Bisa dijelaskan runtutan acaranya?,"Alurnya dimulai dari loket pendaftaran, dilanjutkan ke loket verifikasi berkas, lalu tes seleksi (jika ada), kemudian pengumuman hasil, dan terakhir proses daftar ulang serta pengukuran seragam di loket yang berbeda. Semua ada di satu area.",alur
Dokumen apa saja yang wajib kami bawa di hari pendaftaran?,"Anda wajib membawa dokumen asli dan fotokopi dari Kartu Keluarga, Akta Kelahiran, Surat Keterangan Lulus (SKL) dari SMP, dan pas foto. Pastikan semua berkas sudah lengkap agar prosesnya lancar.",dokumen
Apa saja yang harus dibawa saat one day service?,"Anda wajib membawa dokumen asli dan fotokopi dari Kartu Keluarga, Akta Kelahiran, Surat Keterangan Lulus (SKL) dari SMP, dan pas foto. Pastikan semua berkas sudah lengkap agar prosesnya lancar.",dokumen
Berkas apa yang diperlukan untuk dibawa langsung?,"Anda wajib membawa dokumen asli dan fotokopi dari Kartu Keluarga, Akta Kelahiran, Surat Keterangan Lulus (SKL) dari SMP, dan pas foto. Pastikan semua berkas sudah lengkap agar prosesnya lancar.",dokumen
Kelengkapan apa yang harus dibawa di hari-H?,"Anda wajib membawa dokumen asli dan fotokopi dari Kartu Keluarga, Akta Kelahiran, Surat Keterangan Lulus (SKL) dari SMP, dan pas foto. Pastikan semua berkas sudah lengkap agar prosesnya lancar.",dokumen
Apa saja dokumen fisik yang wajib dibawa?,"Anda wajib membawa dokumen asli dan fotokopi dari Kartu Keluarga, Akta Kelahiran, Surat Keterangan Lulus (SKL) dari SMP, dan pas foto. Pastikan semua berkas sudah lengkap agar prosesnya lancar.",dokumen
Apakah kami perlu mendaftar online terlebih dahulu sebelum datang?,"Tidak perlu. Seluruh proses pendaftaran, termasuk pengisian formulir, akan dilakukan secara langsung di sekolah saat Anda datang. Kami telah menyiapkan komputer dan petugas untuk membantu Anda.",alur
Apakah harus daftar online sebelum one day service?,"Tidak perlu. Seluruh proses pendaftaran, termasuk pengisian formulir, akan dilakukan secara langsung di sekolah saat Anda datang. Kami telah menyiapkan komputer dan petugas untuk membantu Anda.",alur
Perlu registrasi online dulu tidak?,"Tidak perlu. Seluruh proses pendaftaran, termasuk pengisian formulir, akan dilakukan secara langsung di sekolah saat Anda datang. Kami telah menyiapkan komputer dan petugas untuk membantu Anda.",alur
Apakah ada pra-registrasi?,"Tidak perlu. Seluruh proses pendaftaran, termasuk pengisian formulir, akan dilakukan secara langsung di sekolah saat Anda datang. Kami telah menyiapkan komputer dan petugas untuk membantu Anda.",alur
Bagaimana jika belum daftar online sama sekali?,"Tidak perlu. Seluruh proses pendaftaran, termasuk pengisian formulir, akan dilakukan secara langsung di sekolah saat Anda datang. Kami telah menyiapkan komputer dan petugas untuk membantu Anda.",alur
Kapan jam pendaftaran dimulai dan apakah ada batas waktu?,Pendaftaran dimulai pukul [Jam Mulai] sampai [Jam Selesai]. Kami sarankan untuk datang di awal waktu untuk menghindari antrean panjang dan memastikan Anda punya cukup waktu menyelesaikan semua tahapan.,alur
Jam berapa one day service dibuka?,Pendaftaran dimulai pukul [Jam Mulai] sampai [Jam Selesai]. Kami sarankan untuk datang di awal waktu untuk menghindari antrean panjang dan memastikan Anda punya cukup waktu menyelesaikan semua tahapan.,alur
Kapan waktu pelaksanaannya?,Pendaftaran dimulai pukul [Jam Mulai] sampai [Jam Selesai]. Kami sarankan untuk datang di awal waktu untuk menghindari antrean panjang dan memastikan Anda punya cukup waktu menyelesaikan semua tahapan.,alur
Berapa lama one day service berlangsung?,Pendaftaran dimulai pukul [Jam Mulai] sampai [Jam Selesai]. Kami sarankan untuk datang di awal waktu untuk menghindari antrean panjang dan memastikan Anda punya cukup waktu menyelesaikan semua tahapan.,alur
Apakah ada batas akhir kedatangan?,Pendaftaran dimulai pukul [Jam Mulai] sampai [Jam Selesai]. Kami sarankan untuk datang di awal waktu untuk menghindari antrean panjang dan memastikan Anda punya cukup waktu menyelesaikan semua tahapan.,alur
Apakah akan ada tes seleksi atau wawancara di hari itu?,"Ya, setelah verifikasi berkas, calon siswa akan mengikuti tes seleksi atau wawancara singkat. Tes ini bertujuan untuk memastikan kompetensi dasar dan minat calon siswa sesuai dengan program keahlian yang dipilih.",alur
Apakah ada tes di tempat?,"Ya, setelah verifikasi berkas, calon siswa akan mengikuti tes seleksi atau wawancara singkat. Tes ini bertujuan untuk memastikan kompetensi dasar dan minat calon siswa sesuai dengan program keahlian yang dipilih.",alur
"Bagaimana dengan tesnya, apakah langsung?","Ya, setelah verifikasi berkas, calon siswa akan mengikuti tes seleksi atau wawancara singkat. Tes ini bertujuan untuk memastikan kompetensi dasar dan minat calon siswa sesuai dengan program keahlian yang dipilih.",alur
Apakah ada interview?,"Ya, setelah verifikasi berkas, calon siswa akan mengikuti tes seleksi atau wawancara singkat. Tes ini bertujuan untuk memastikan kompetensi dasar dan minat calon siswa sesuai dengan program keahlian yang dipilih.",alur
Apa bentuk seleksi yang dilakukan?,"Ya, setelah verifikasi berkas, calon siswa akan mengikuti tes seleksi atau wawancara singkat. Tes ini bertujuan untuk memastikan kompetensi dasar dan minat calon siswa sesuai dengan program keahlian yang dipilih.",alur
"Kapan kami bisa mengetahui hasilnya, apakah diterima atau tidak?","Hasil seleksi akan diumumkan pada hari yang sama, biasanya dalam rentang waktu beberapa jam setelah Anda menyelesaikan tes. Pengumuman akan disampaikan secara langsung oleh panitia di lokasi.",alur
Kapan pengumuman kelulusannya?,"Hasil seleksi akan diumumkan pada hari yang sama, biasanya dalam rentang waktu beberapa jam setelah Anda menyelesaikan tes. Pengumuman akan disampaikan secara langsung oleh panitia di lokasi.",alur
Apakah hasilnya langsung diketahui?,"Hasil seleksi akan diumumkan pada hari yang sama, biasanya dalam rentang waktu beberapa jam setelah Anda menyelesaikan tes. Pengumuman akan disampaikan secara langsung oleh panitia di lokasi.",alur
Berapa lama menunggu pengumuman?,"Hasil seleksi akan diumumkan pada hari yang sama, biasanya dalam rentang waktu beberapa jam setelah Anda menyelesaikan tes. Pengumuman akan disampaikan secara langsung oleh panitia di lokasi.",alur
Kapan bisa dapat kepastian lulus/tidak?,"Hasil seleksi akan diumumkan pada hari yang sama, biasanya dalam rentang waktu beberapa jam setelah Anda menyelesaikan tes. Pengumuman akan disampaikan secara langsung oleh panitia di lokasi.",alur
"Jika kami diterima, apa yang harus dilakukan setelahnya?","Jika diterima, Anda akan langsung diarahkan ke loket daftar ulang. Di sana, Anda akan mengisi formulir, membayar biaya administrasi awal, dan melakukan pengukuran seragam sekolah.",alur
Apa langkah selanjutnya jika dinyatakan lulus?,"Jika diterima, Anda akan langsung diarahkan ke loket daftar ulang. Di sana, Anda akan mengisi formulir, membayar biaya administrasi awal, dan melakukan pengukuran seragam sekolah.",alur
Prosedur setelah dinyatakan diterima?,"Jika diterima, Anda akan langsung diarahkan ke loket daftar ulang. Di sana, Anda akan mengisi formulir, membayar biaya administrasi awal, dan melakukan pengukuran seragam sekolah.",alur
Apa yang dilakukan setelah pengumuman lolos?,"Jika diterima, Anda akan langsung diarahkan ke loket daftar ulang. Di sana, Anda akan mengisi formulir, membayar biaya administrasi awal, dan melakukan pengukuran seragam sekolah.",alur
Step setelah dinyatakan lulus?,"Jika diterima, Anda akan langsung diarahkan ke loket daftar ulang. Di sana, Anda akan mengisi formulir, membayar biaya administrasi awal, dan melakukan pengukuran seragam sekolah.",alur
Apakah kami bisa membayar biaya pendaftaran dan daftar ulang di hari yang sama?,Ya. Proses pembayaran akan dilakukan di loket yang sudah disediakan di area pendaftaran. Ini bertujuan untuk mempermudah dan menyelesaikan semua proses dalam satu kunjungan.,alur
Apakah pembayaran bisa dilakukan langsung?,Ya. Proses pembayaran akan dilakukan di loket yang sudah disediakan di area pendaftaran. Ini bertujuan untuk mempermudah dan menyelesaikan semua proses dalam satu kunjungan.,alur
Bisakah bayar di tempat?,Ya. Proses pembayaran akan dilakukan di loket yang sudah disediakan di area pendaftaran. Ini bertujuan untuk mempermudah dan menyelesaikan semua proses dalam satu kunjungan.,alur
Apakah tersedia mesin EDC untuk pembayaran?,Ya. Proses pembayaran akan dilakukan di loket yang sudah disediakan di area pendaftaran. Ini bertujuan untuk mempermudah dan menyelesaikan semua proses dalam satu kunjungan.,alur
Bagaimana metode pembayarannya?,Ya. Proses pembayaran akan dilakukan di loket yang sudah disediakan di area pendaftaran. Ini bertujuan untuk mempermudah dan menyelesaikan semua proses dalam satu kunjungan.,alur
Bagaimana jika kami tidak bisa datang di hari yang telah ditentukan?,"Mohon maaf, karena kuota terbatas dan proses ini sangat cepat, pendaftaran hanya bisa dilakukan di tanggal yang telah ditetapkan. Jika Anda tidak datang, kami akan menganggap Anda mengundurkan diri dan kuota akan diisi oleh calon siswa lain.",alur
Apa yang terjadi jika berhalangan hadir?,"Mohon maaf, karena kuota terbatas dan proses ini sangat cepat, pendaftaran hanya bisa dilakukan di tanggal yang telah ditetapkan. Jika Anda tidak datang, kami akan menganggap Anda mengundurkan diri dan kuota akan diisi oleh calon siswa lain.",alur
Bagaimana jika tidak bisa ikut one day service?,"Mohon maaf, karena kuota terbatas dan proses ini sangat cepat, pendaftaran hanya bisa dilakukan di tanggal yang telah ditetapkan. Jika Anda tidak datang, kami akan menganggap Anda mengundurkan diri dan kuota akan diisi oleh calon siswa lain.",alur
Apakah ada jadwal pengganti?,"Mohon maaf, karena kuota terbatas dan proses ini sangat cepat, pendaftaran hanya bisa dilakukan di tanggal yang telah ditetapkan. Jika Anda tidak datang, kami akan menganggap Anda mengundurkan diri dan kuota akan diisi oleh calon siswa lain.",alur
"Kalau sakit dan tidak bisa datang, gimana?","Mohon maaf, karena kuota terbatas dan proses ini sangat cepat, pendaftaran hanya bisa dilakukan di tanggal yang telah ditetapkan. Jika Anda tidak datang, kami akan menganggap Anda mengundurkan diri dan kuota akan diisi oleh calon siswa lain.",alur
Apa saja jurusan atau program keahlian yang tersedia di SMK ini?,"Kami menawarkan 7 jurusan, yaitu: RPL (Rekayasa Perangkat Lunak), TKJ (Teknik Komputer dan Jaringan), TKR (Teknik Kendaraan Ringan), TP (Teknik Permesinan), TPSB (Teknik Pengelasan dan Fabrikasi), TB (Tata Busana), dan TEI (Teknik Elektronika Industri).",jurusan
Sebutkan jurusan yang ada di SMK Texmaco?,"Kami menawarkan 7 jurusan, yaitu: RPL (Rekayasa Perangkat Lunak), TKJ (Teknik Komputer dan Jaringan), TKR (Teknik Kendaraan Ringan), TP (Teknik Permesinan), TPSB (Teknik Pengelasan dan Fabrikasi), TB (Tata Busana), dan TEI (Teknik Elektronika Industri).",jurusan
Apa saja pilihan jurusannya?,"Kami menawarkan 7 jurusan, yaitu: RPL (Rekayasa Perangkat Lunak), TKJ (Teknik Komputer dan Jaringan), TKR (Teknik Kendaraan Ringan), TP (Teknik Permesinan), TPSB (Teknik Pengelasan dan Fabrikasi), TB (Tata Busana), dan TEI (Teknik Elektronika Industri).",jurusan
Program studi apa yang ditawarkan?,"Kami menawarkan 7 jurusan, yaitu: RPL (Rekayasa Perangkat Lunak), TKJ (Teknik Komputer dan Jaringan), TKR (Teknik Kendaraan Ringan), TP (Teknik Permesinan), TPSB (Teknik Pengelasan dan Fabrikasi), TB (Tata Busana), dan TEI (Teknik Elektronika Industri).",jurusan
Apa saja konsentrasi keahliannya?,"Kami menawarkan 7 jurusan, yaitu: RPL (Rekayasa Perangkat Lunak), TKJ (Teknik Komputer dan Jaringan), TKR (Teknik Kendaraan Ringan), TP (Teknik Permesinan), TPSB (Teknik Pengelasan dan Fabrikasi), TB (Tata Busana), dan TEI (Teknik Elektronika Industri).",jurusan
Apa perbedaan antara jurusan RPL dan TKJ?,"RPL lebih berfokus pada pengembangan software, seperti membuat aplikasi, game, atau website. Sementara TKJ lebih fokus pada hardware dan infrastruktur jaringan, seperti merakit komputer dan membangun jaringan internet.",jurusan
Apa beda RPL dan TKJ?,"RPL lebih berfokus pada pengembangan software, seperti membuat aplikasi, game, atau website. Sementara TKJ lebih fokus pada hardware dan infrastruktur jaringan, seperti merakit komputer dan membangun jaringan internet.",jurusan
"Jurusan RPL dan TKJ, mana yang lebih baik?","RPL lebih berfokus pada pengembangan software, seperti membuat aplikasi, game, atau website. Sementara TKJ lebih fokus pada hardware dan infrastruktur jaringan, seperti merakit komputer dan membangun jaringan internet.",jurusan
Apa keunggulan RPL dibanding TKJ?,"RPL lebih berfokus pada pengembangan software, seperti membuat aplikasi, game, atau website. Sementara TKJ lebih fokus pada hardware dan infrastruktur jaringan, seperti merakit komputer dan membangun jaringan internet.",jurusan
"Mana yang lebih cocok untuk programming,  RPL atau TKJ?","RPL lebih berfokus pada pengembangan software, seperti membuat aplikasi, game, atau website. Sementara TKJ lebih fokus pada hardware dan infrastruktur jaringan, seperti merakit komputer dan membangun jaringan internet.",jurusan
Apa yang akan dipelajari di jurusan TKR?,"Di jurusan TKR, Anda akan mempelajari semua hal tentang otomotif, mulai dari merawat dan memperbaiki mesin, sistem kelistrikan kendaraan, hingga body kendaraan ringan.",jurusan
Apa saja mata pelajaran di TKR?,"Di jurusan TKR, Anda akan mempelajari semua hal tentang otomotif, mulai dari merawat dan memperbaiki mesin, sistem kelistrikan kendaraan, hingga body kendaraan ringan.",jurusan
Apa fokus belajar di jurusan TKR?,"Di jurusan TKR, Anda akan mempelajari semua hal tentang otomotif, mulai dari merawat dan memperbaiki mesin, sistem kelistrikan kendaraan, hingga body kendaraan ringan.",jurusan
Apa yang diajarkan di teknik kendaraan ringan?,"Di jurusan TKR, Anda akan mempelajari semua hal tentang otomotif, mulai dari merawat dan memperbaiki mesin, sistem kelistrikan kendaraan, hingga body kendaraan ringan.",jurusan
Apa kompetensi lulusan TKR?,"Di jurusan TKR, Anda akan mempelajari semua hal tentang otomotif, mulai dari merawat dan memperbaiki mesin, sistem kelistrikan kendaraan, hingga body kendaraan ringan.",jurusan
Prospek kerja apa saja yang menjanjikan dari jurusan TP?,"Lulusan TP memiliki prospek kerja yang luas, seperti operator mesin CNC, teknisi produksi di industri manufaktur, atau bahkan menjadi quality control di perusahaan otomotif.",jurusan
Apa peluang kerja lulusan TP?,"Lulusan TP memiliki prospek kerja yang luas, seperti operator mesin CNC, teknisi produksi di industri manufaktur, atau bahkan menjadi quality control di perusahaan otomotif.",jurusan
Dimana saja lulusan TP bisa bekerja?,"Lulusan TP memiliki prospek kerja yang luas, seperti operator mesin CNC, teknisi produksi di industri manufaktur, atau bahkan menjadi quality control di perusahaan otomotif.",jurusan
Apa keuntungan memilih jurusan TP?,"Lulusan TP memiliki prospek kerja yang luas, seperti operator mesin CNC, teknisi produksi di industri manufaktur, atau bahkan menjadi quality control di perusahaan otomotif.",jurusan
Bagaimana masa depan lulusan teknik permesinan?,"Lulusan TP memiliki prospek kerja yang luas, seperti operator mesin CNC, teknisi produksi di industri manufaktur, atau bahkan menjadi quality control di perusahaan otomotif.",jurusan
Jurusan TPSB itu apa dan apa saja kegiatannya?,"TPSB adalah singkatan dari Teknik Pengelasan dan Fabrikasi. Jurusan ini mengajarkan teknik pengelasan, memotong material, dan merangkai logam untuk membuat konstruksi atau produk jadi yang kokoh.",jurusan
Apa itu jurusan TPSB?,"TPSB adalah singkatan dari Teknik Pengelasan dan Fabrikasi. Jurusan ini mengajarkan teknik pengelasan, memotong material, dan merangkai logam untuk membuat konstruksi atau produk jadi yang kokoh.",jurusan
Apa yang dipelajari di TPSB?,"TPSB adalah singkatan dari Teknik Pengelasan dan Fabrikasi. Jurusan ini mengajarkan teknik pengelasan, memotong material, dan merangkai logam untuk membuat konstruksi atau produk jadi yang kokoh.",jurusan
Apa keahlian lulusan TPSB?,"TPSB adalah singkatan dari Teknik Pengelasan dan Fabrikasi. Jurusan ini mengajarkan teknik pengelasan, memotong material, dan merangkai logam untuk membuat konstruksi atau produk jadi yang kokoh.",jurusan
Apa fokus dari jurusan pengelasan?,"TPSB adalah singkatan dari Teknik Pengelasan dan Fabrikasi. Jurusan ini mengajarkan teknik pengelasan, memotong material, dan merangkai logam untuk membuat konstruksi atau produk jadi yang kokoh.",jurusan
Apa saja yang dipelajari di jurusan TB?,"Jurusan TB (Tata Busana) akan membekali Anda dengan keterampilan menjahit, membuat pola, merancang busana, dan berwirausaha di bidang fashion.",jurusan
Apa saja kompetensi di tata busana?,"Jurusan TB (Tata Busana) akan membekali Anda dengan keterampilan menjahit, membuat pola, merancang busana, dan berwirausaha di bidang fashion.",jurusan
Apa fokus pembelajaran di TB?,"Jurusan TB (Tata Busana) akan membekali Anda dengan keterampilan menjahit, membuat pola, merancang busana, dan berwirausaha di bidang fashion.",jurusan
Apa yang diajarkan di jurusan tata busana?,"Jurusan TB (Tata Busana) akan membekali Anda dengan keterampilan menjahit, membuat pola, merancang busana, dan berwirausaha di bidang fashion.",jurusan
Apa keahlian dari lulusan TB?,"Jurusan TB (Tata Busana) akan membekali Anda dengan keterampilan menjahit, membuat pola, merancang busana, dan berwirausaha di bidang fashion.",jurusan
Apa perbedaan antara jurusan TEI dan TKJ?,"TEI fokus pada ilmu elektronika industri, seperti merakit dan memperbaiki perangkat elektronik, sistem kontrol, dan robotika. Sedangkan TKJ fokusnya pada komputer, jaringan, dan internet.",jurusan
Apa beda TEI dan TKJ?,"TEI fokus pada ilmu elektronika industri, seperti merakit dan memperbaiki perangkat elektronik, sistem kontrol, dan robotika. Sedangkan TKJ fokusnya pada komputer, jaringan, dan internet.",jurusan
"Mana yang lebih ke elektronika, TEI atau TKJ?","TEI fokus pada ilmu elektronika industri, seperti merakit dan memperbaiki perangkat elektronik, sistem kontrol, dan robotika. Sedangkan TKJ fokusnya pada komputer, jaringan, dan internet.",jurusan
Apa keunggulan TEI dibanding TKJ?,"TEI fokus pada ilmu elektronika industri, seperti merakit dan memperbaiki perangkat elektronik, sistem kontrol, dan robotika. Sedangkan TKJ fokusnya pada komputer, jaringan, dan internet.",jurusan
Jurusan mana yang lebih cocok untuk robotika?,"TEI fokus pada ilmu elektronika industri, seperti merakit dan memperbaiki perangkat elektronik, sistem kontrol, dan robotika. Sedangkan TKJ fokusnya pada komputer, jaringan, dan internet.",jurusan
Jurusan mana yang paling banyak diminati?,"Berdasarkan data tahun lalu, jurusan TKJ dan TKR paling banyak peminatnya. Namun, semua jurusan memiliki peluang kerja yang baik karena sesuai dengan kebutuhan industri saat ini.",jurusan
Jurusan apa yang paling populer?,"Berdasarkan data tahun lalu, jurusan TKJ dan TKR paling banyak peminatnya. Namun, semua jurusan memiliki peluang kerja yang baik karena sesuai dengan kebutuhan industri saat ini.",jurusan
Apa jurusan favorit di SMK Texmaco?,"Berdasarkan data tahun lalu, jurusan TKJ dan TKR paling banyak peminatnya. Namun, semua jurusan memiliki peluang kerja yang baik karena sesuai dengan kebutuhan industri saat ini.",jurusan
Jurusan yang paling banyak peminatnya apa?,"Berdasarkan data tahun lalu, jurusan TKJ dan TKR paling banyak peminatnya. Namun, semua jurusan memiliki peluang kerja yang baik karena sesuai dengan kebutuhan industri saat ini.",jurusan
Apa jurusan dengan competition rate tertinggi?,"Berdasarkan data tahun lalu, jurusan TKJ dan TKR paling banyak peminatnya. Namun, semua jurusan memiliki peluang kerja yang baik karena sesuai dengan kebutuhan industri saat ini.",jurusan
Apakah kami bisa memilih lebih dari satu jurusan?,"Anda hanya dapat memilih satu jurusan yang paling Anda minati. Oleh karena itu, pastikan pilihan Anda sudah matang.",jurusan
Bolehkah memilih double jurusan?,"Anda hanya dapat memilih satu jurusan yang paling Anda minati. Oleh karena itu, pastikan pilihan Anda sudah matang.",jurusan
Apakah bisa daftar di dua jurusan?,"Anda hanya dapat memilih satu jurusan yang paling Anda minati. Oleh karena itu, pastikan pilihan Anda sudah matang.",jurusan
Apakah ada opsi double major?,"Anda hanya dapat memilih satu jurusan yang paling Anda minati. Oleh karena itu, pastikan pilihan Anda sudah matang.",jurusan
Bisakah mengambil dua konsentrasi?,"Anda hanya dapat memilih satu jurusan yang paling Anda minati. Oleh karena itu, pastikan pilihan Anda sudah matang.",jurusan
Apakah bisa pindah jurusan setelah diterima?,"Mohon maaf, setelah Anda melakukan daftar ulang dan resmi diterima di suatu jurusan, Anda tidak bisa lagi berpindah ke jurusan lain.",jurusan
Bisakah ganti jurusan setelah daftar ulang?,"Mohon maaf, setelah Anda melakukan daftar ulang dan resmi diterima di suatu jurusan, Anda tidak bisa lagi berpindah ke jurusan lain.",jurusan
Apakah mungkin pindah jurusan di tengah tahun?,"Mohon maaf, setelah Anda melakukan daftar ulang dan resmi diterima di suatu jurusan, Anda tidak bisa lagi berpindah ke jurusan lain.",jurusan
Bagaimana jika ingin pindah jurusan setelah sekolah dimulai?,"Mohon maaf, setelah Anda melakukan daftar ulang dan resmi diterima di suatu jurusan, Anda tidak bisa lagi berpindah ke jurusan lain.",jurusan
Apakah ada kebijakan transfer jurusan?,"Mohon maaf, setelah Anda melakukan daftar ulang dan resmi diterima di suatu jurusan, Anda tidak bisa lagi berpindah ke jurusan lain.",jurusan
Apa saja fasilitas umum yang tersedia di sekolah ini?,"Kami memiliki fasilitas yang lengkap, mulai dari ruang kelas ber-AC, perpustakaan, lapangan olahraga, musala, kantin, hingga ruang UKS untuk memastikan kenyamanan siswa.",fasilitas
Apa saja sarana yang disediakan untuk siswa?,"Kami memiliki fasilitas yang lengkap, mulai dari ruang kelas ber-AC, perpustakaan, lapangan olahraga, musala, kantin, hingga ruang UKS untuk memastikan kenyamanan siswa.",fasilitas
Fasilitas penunjang apa yang ada?,"Kami memiliki fasilitas yang lengkap, mulai dari ruang kelas ber-AC, perpustakaan, lapangan olahraga, musala, kantin, hingga ruang UKS untuk memastikan kenyamanan siswa.",fasilitas
Infrastruktur apa yang dimiliki sekolah?,"Kami memiliki fasilitas yang lengkap, mulai dari ruang kelas ber-AC, perpustakaan, lapangan olahraga, musala, kantin, hingga ruang UKS untuk memastikan kenyamanan siswa.",fasilitas
Apa saja yang menjadi fasilitas di sini?,"Kami memiliki fasilitas yang lengkap, mulai dari ruang kelas ber-AC, perpustakaan, lapangan olahraga, musala, kantin, hingga ruang UKS untuk memastikan kenyamanan siswa.",fasilitas
Apakah setiap jurusan memiliki laboratorium atau bengkel praktik sendiri?,"Ya, betul. Setiap jurusan di sekolah kami memiliki laboratorium khusus yang dirancang sesuai dengan kompetensi dan kebutuhan jurusannya masing-masing. Fasilitas ini sangat memadai untuk praktik.",fasilitas
Apakah tiap jurusan punya lab sendiri?,"Ya, betul. Setiap jurusan di sekolah kami memiliki laboratorium khusus yang dirancang sesuai dengan kompetensi dan kebutuhan jurusannya masing-masing. Fasilitas ini sangat memadai untuk praktik.",fasilitas
Bagaimana dengan bengkel untuk praktik?,"Ya, betul. Setiap jurusan di sekolah kami memiliki laboratorium khusus yang dirancang sesuai dengan kompetensi dan kebutuhan jurusannya masing-masing. Fasilitas ini sangat memadai untuk praktik.",fasilitas
Apakah ada ruang praktik untuk setiap program keahlian?,"Ya, betul. Setiap jurusan di sekolah kami memiliki laboratorium khusus yang dirancang sesuai dengan kompetensi dan kebutuhan jurusannya masing-masing. Fasilitas ini sangat memadai untuk praktik.",fasilitas
Apakah fasilitas praktiknya memadai?,"Ya, betul. Setiap jurusan di sekolah kami memiliki laboratorium khusus yang dirancang sesuai dengan kompetensi dan kebutuhan jurusannya masing-masing. Fasilitas ini sangat memadai untuk praktik.",fasilitas
Bagaimana kondisi laboratorium yang ada? Apakah peralatannya lengkap?,Laboratorium kami sangat terawat dan dilengkapi dengan peralatan modern dan terbaru. Hal ini untuk memastikan siswa bisa belajar dengan teknologi yang relevan dengan dunia industri.,fasilitas
Seperti apa kondisi labnya?,Laboratorium kami sangat terawat dan dilengkapi dengan peralatan modern dan terbaru. Hal ini untuk memastikan siswa bisa belajar dengan teknologi yang relevan dengan dunia industri.,fasilitas
Apakah peralatan lab terbaru?,Laboratorium kami sangat terawat dan dilengkapi dengan peralatan modern dan terbaru. Hal ini untuk memastikan siswa bisa belajar dengan teknologi yang relevan dengan dunia industri.,fasilitas
Bagaimana kualitas peralatan praktik?,Laboratorium kami sangat terawat dan dilengkapi dengan peralatan modern dan terbaru. Hal ini untuk memastikan siswa bisa belajar dengan teknologi yang relevan dengan dunia industri.,fasilitas
Apakah peralatannya update?,Laboratorium kami sangat terawat dan dilengkapi dengan peralatan modern dan terbaru. Hal ini untuk memastikan siswa bisa belajar dengan teknologi yang relevan dengan dunia industri.,fasilitas
Apakah ada fasilitas olahraga yang memadai?,"Tentu. Kami memiliki lapangan yang luas untuk sepak bola dan atletik, serta lapangan basket dan futsal yang bisa digunakan siswa untuk kegiatan olahraga dan ekstrakurikuler.",fasilitas
Apa saja fasilitas olahraga yang disediakan?,"Tentu. Kami memiliki lapangan yang luas untuk sepak bola dan atletik, serta lapangan basket dan futsal yang bisa digunakan siswa untuk kegiatan olahraga dan ekstrakurikuler.",fasilitas
Bagaimana dengan lapangan olahraganya?,"Tentu. Kami memiliki lapangan yang luas untuk sepak bola dan atletik, serta lapangan basket dan futsal yang bisa digunakan siswa untuk kegiatan olahraga dan ekstrakurikuler.",fasilitas
Apakah ada tempat untuk berolahraga?,"Tentu. Kami memiliki lapangan yang luas untuk sepak bola dan atletik, serta lapangan basket dan futsal yang bisa digunakan siswa untuk kegiatan olahraga dan ekstrakurikuler.",fasilitas
Apa saja jenis lapangan olahraga yang ada?,"Tentu. Kami memiliki lapangan yang luas untuk sepak bola dan atletik, serta lapangan basket dan futsal yang bisa digunakan siswa untuk kegiatan olahraga dan ekstrakurikuler.",fasilitas
Bagaimana dengan kondisi ruang kelasnya?,Semua ruang kelas kami dilengkapi dengan pendingin ruangan (AC) dan proyektor. Kami menciptakan suasana belajar yang kondusif dan nyaman bagi para siswa.,fasilitas
Seperti apa ruang belajarnya?,Semua ruang kelas kami dilengkapi dengan pendingin ruangan (AC) dan proyektor. Kami menciptakan suasana belajar yang kondusif dan nyaman bagi para siswa.,fasilitas
Apakah ruang kelas ber-AC?,Semua ruang kelas kami dilengkapi dengan pendingin ruangan (AC) dan proyektor. Kami menciptakan suasana belajar yang kondusif dan nyaman bagi para siswa.,fasilitas
Bagaimana kenyamanan ruang kelas?,Semalla ruang kelas kami dilengkapi dengan pendingin ruangan (AC) dan proyektor. Kami menciptakan suasana belajar yang kondusif dan nyaman bagi para siswa.,fasilitas
Apakah ada proyektor di setiap kelas?,Semua ruang kelas kami dilengkapi dengan pendingin ruangan (AC) dan proyektor. Kami menciptakan suasana belajar yang kondusif dan nyaman bagi para siswa.,fasilitas
Kegiatan ekstrakurikuler apa saja yang tersedia di sini?,"Kami memiliki beragam pilihan, mulai dari bidang olahraga seperti futsal, basket, dan silat, hingga bidang seni seperti teater dan musik. Ada juga klub-klub keahlian seperti klub robotika dan bahasa Inggris.",fasilitas
Apa saja pilihan ekstrakurikuler?,"Kami memiliki beragam pilihan, mulai dari bidang olahraga seperti futsal, basket, dan silat, hingga bidang seni seperti teater dan musik. Ada juga klub-klub keahlian seperti klub robotika dan bahasa Inggris.",fasilitas
Ekstrakurikuler apa yang ditawarkan?,"Kami memiliki beragam pilihan, mulai dari bidang olahraga seperti futsal, basket, dan silat, hingga bidang seni seperti teater dan musik. Ada juga klub-klub keahlian seperti klub robotika dan bahasa Inggris.",fasilitas
Apa saja kegiatan di luar jam pelajaran?,"K kami memiliki beragam pilihan, mulai dari bidang olahraga seperti futsal, basket, dan silat, hingga bidang seni seperti teater dan musik. Ada juga klub-klub keahlian seperti klub robotika dan bahasa Inggris.",fasilitas
Apakah ada club atau organisasi siswa?,"Kami memiliki beragam pilihan, mulai dari bidang olahraga seperti futsal, basket, dan silat, hingga bidang seni seperti teater dan musik. Ada juga klub-klub keahlian seperti klub robotika dan bahasa Inggris.",fasilitas
Apakah ada kerja sama dengan perusahaan untuk praktik kerja lapangan (Prakerin)?,"Ya, kami memiliki banyak perusahaan mitra yang bersedia menerima siswa kami untuk praktik kerja. Kemitraan ini sangat membantu siswa mendapatkan pengalaman nyata di dunia kerja.",fasilitas
Apakah ada program magang?,"Ya, kami memiliki banyak perusahaan mitra yang bersedia menerima siswa kami untuk praktik kerja. Kemitraan ini sangat membantu siswa mendapatkan pengalaman nyata di dunia kerja.",fasilitas
Bagaimana dengan prakerinnya?,"Ya, kami memiliki banyak perusahaan mitra yang bersedia menerima siswa kami untuk praktik kerja. Kemitraan ini sangat membantu siswa mendapatkan pengalaman nyata di dunia kerja.",fasilitas
Apakah sekolah punya link dengan industri?,"Ya, kami memiliki banyak perusahaan mitra yang bersedia menerima siswa kami untuk praktik kerja. Kemitraan ini sangat membantu siswa mendapatkan pengalaman nyata di dunia kerja.",fasilitas
Bagaimana sistem praktek kerja industrinya?,"Ya, kami memiliki banyak perusahaan mitra yang bersedia menerima siswa kami untuk praktik kerja. Kemitraan ini sangat membantu siswa mendapatkan pengalaman nyata di dunia kerja.",fasilitas
Bagaimana sistem keamanan di lingkungan sekolah?,Kami memiliki petugas keamanan yang berjaga 24 jam serta kamera CCTV yang tersebar di area strategis untuk memastikan lingkungan sekolah aman dan terkendali.,fasilitas
Bagaimana dengan keamanan sekolah?,Kami memiliki petugas keamanan yang berjaga 24 jam serta kamera CCTV yang tersebar di area strategis untuk memastikan lingkungan sekolah aman dan terkendali.,fasilitas
Apakah sekolah aman?,Kami memiliki petugas keamanan yang berjaga 24 jam serta kamera CCTV yang tersebar di area strategis untuk memastikan lingkungan sekolah aman dan terkendali.,fasilitas
Apa saja sistem pengamanannya?,Kami memiliki petugas keamanan yang berjaga 24 jam serta kamera CCTV yang tersebar di area strategis untuk memastikan lingkungan sekolah aman dan terkendali.,fasilitas
Apakah ada satpam dan CCTV?,Kami memiliki petugas keamanan yang berjaga 24 jam serta kamera CCTV yang tersebar di area strategis untuk memastikan lingkungan sekolah aman dan terkendali.,fasilitas
Apakah ada layanan bimbingan konseling untuk siswa?,"Ya, kami memiliki tim Bimbingan Konseling (BK) yang siap membantu siswa dalam hal akademik, masalah pribadi, atau untuk bimbingan karier di masa depan.",fasilitas
Apakah ada guru BK?,"Ya, kami memiliki tim Bimbingan Konseling (BK) yang siap membantu siswa dalam hal akademik, masalah pribadi, atau untuk bimbingan karier di masa depan.",fasilitas
Bagaimana dengan layanan konseling?,"Ya, kami memiliki tim Bimbingan Konseling (BK) yang siap membantu siswa dalam hal akademik, masalah pribadi, atau untuk bimbingan karier di masa depan.",fasilitas
Apakah ada support untuk masalah pribadi siswa?,"Ya, kami memiliki tim Bimbingan Konseling (BK) yang siap membantu siswa dalam hal akademik, masalah pribadi, atau untuk bimbingan karier di masa depan.",fasilitas
Apakah tersedia bimbingan karier?,"Ya, kami memiliki tim Bimbingan Konseling (BK) yang siap membantu siswa dalam hal akademik, masalah pribadi, atau untuk bimbingan karier di masa depan.",fasilitas
Bagaimana dengan fasilitas internet di sekolah?,Seluruh area sekolah kami dilengkapi dengan jaringan Wi-Fi berkecepatan tinggi yang bisa diakses oleh siswa untuk mendukung kegiatan belajar dan mencari referensi.,fasilitas
Apakah ada wifi di sekolah?,Seluruh area sekolah kami dilengkapi dengan jaringan Wi-Fi berkecepatan tinggi yang bisa diakses oleh siswa untuk mendukung kegiatan belajar dan mencari referensi.,fasilitas
Bagaimana koneksi internetnya?,Seluruh area sekolah kami dilengkapi dengan jaringan Wi-Fi berkecepatan tinggi yang bisa diakses oleh siswa untuk mendukung kegiatan belajar dan mencari referensi.,fasilitas
Apakah internetnya cepat?,Seluruh area sekolah kami dilengkapi dengan jaringan Wi-Fi berkecepatan tinggi yang bisa diakses oleh siswa untuk mendukung kegiatan belajar dan mencari referensi.,fasilitas
Apakah siswa bisa akses wifi?,Seluruh area sekolah kami dilengkapi dengan jaringan Wi-Fi berkecepatan tinggi yang bisa diakses oleh siswa untuk mendukung kegiatan belajar dan mencari referensi.,fasilitas
SPPnya berapa?,SPP di SMK Texmaco Semarang sebesar Rp. 250.000,biaya
Berapa besar SPP per bulannya?,SPP di SMK Texmaco Semarang sebesar Rp. 250.000,biaya
Berapa iuran bulanan sekolah?,SPP di SMK Texmaco Semarang sebesar Rp. 250.000,biaya
Berapa biaya SPP?,SPP di SMK Texmaco Semarang sebesar Rp. 250.000,biaya
Nominal SPP berapa?,SPP di SMK Texmaco Semarang sebesar Rp. 250.000,biaya
Ada uang Gedung atau tidak ya?,"Untuk uang Gedung atau SPI sebesar Rp. 6.500.000, dan dapat dibayarkan selama 3 tahun masa sekolah",biaya
Apakah ada uang pangkal?,"Untuk uang Gedung atau SPI sebesar Rp. 6.500.000, dan dapat dibayarkan selama 3 tahun masa sekolah",biaya
Berapa biaya masuknya?,"Untuk uang Gedung atau SPI sebesar Rp. 6.500.000, dan dapat dibayarkan selama 3 tahun masa sekolah",biaya
Apakah ada uang sumbangan pendidikan?,"Untuk uang Gedung atau SPI sebesar Rp. 6.500.000, dan dapat dibayarkan selama 3 tahun masa sekolah",biaya
Berapa uang gedungnya?,"Untuk uang Gedung atau SPI sebesar Rp. 6.500.000, dan dapat dibayarkan selama 3 tahun masa sekolah",biaya
Seragamnya dapat dari sekolah atau beli sendiri?,Seragam sekolah semuanya diberikan oleh sekolah jadi tidak perlu untuk membeli sendiri,fasilitas
Apakah seragam disediakan sekolah?,Seragam sekolah semuanya diberikan oleh sekolah jadi tidak perlu untuk membeli sendiri,fasilitas
Bagaimana dengan seragamnya?,Seragam sekolah semuanya diberikan oleh sekolah jadi tidak perlu untuk membeli sendiri,fasilitas
Apakah seragam termasuk dalam biaya?,Seragam sekolah semuanya diberikan oleh sekolah jadi tidak perlu untuk membeli sendiri,fasilitas
Apakah perlu beli seragam sendiri?,Seragam sekolah semuanya diberikan oleh sekolah jadi tidak perlu untuk membeli sendiri,fasilitas
Kepala SMK Texmaco Semarang siapa?,"Kepala SMK Texmaco Semarang adalah ibu Nur Alimah, S.T, M.T",umum
Siapa nama kepala sekolahnya?,"Kepala SMK Texmaco Semarang adalah ibu Nur Alimah, S.T, M.T",umum
Bisa disebutkan nama kapseknya?,"Kepala SMK Texmaco Semarang adalah ibu Nur Alimah, S.T, M.T",umum
Siapa pemimpin sekolah ini?,"Kepala SMK Texmaco Semarang adalah ibu Nur Alimah, S.T, M.T",umum
Siapa yang menjabat sebagai kepala sekolah?,"Kepala SMK Texmaco Semarang adalah ibu Nur Alimah, S.T, M.T",umum
Kapan penerimaan murid baru SMK Texmaco Semarang dimulai?,Periode pendaftaran: tanggal 1 Juni - akhir Juni. Silakan kunjungi website SMK Texmaco Semarang untuk informasi lebih detail.,jadwal
Kapan PPDB SMK Texmaco Semarang dimulai?,Periode pendaftaran: tanggal 1 Juni - akhir Juni. Silakan kunjungi website SMK Texmaco Semarang untuk informasi lebih detail.,jadwal
Kapan Pendaftaran SMK Texmaco Semarang dibuka?,Periode pendaftaran: tanggal 1 Juni - akhir Juni. Silakan kunjungi website SMK Texmaco Semarang untuk informasi lebih detail.,jadwal
Berapa biaya pendaftarannya?,Biaya Pendaftaran sebesar Rp. 500.000,
Pendaftarannya bayar berapa?,"Untuk biaya Pendaftaran sebesar Rp. 500.000, dan dibayarkan ketika proses pendaftaran",
